index,delta3_1,delta3_2,delta2_1,label
0,375,267,108,stand
1,375,267,108,stand
2,375,258,117,stand
3,375,258,117,stand
4,375,258,117,stand
5,375,267,108,stand
6,383,275,108,stand
7,391,275,116,stand
8,391,275,116,stand
9,383,267,116,stand
10,383,267,116,stand
11,383,267,116,stand
12,375,259,116,stand
13,375,259,116,stand
14,375,250,125,stand
15,383,258,125,stand
16,375,258,117,stand
17,375,258,117,stand
18,367,250,117,stand
19,375,250,125,stand
20,375,259,116,stand
21,391,275,116,stand
22,391,275,116,stand
23,391,275,116,stand
24,383,267,116,stand
25,375,267,108,stand
26,375,267,108,stand
27,375,267,108,stand
28,375,267,108,stand
29,375,275,100,stand
30,367,267,100,stand
31,367,267,100,stand
32,367,259,108,stand
33,383,275,108,stand
34,391,275,116,stand
35,391,266,125,stand
36,383,258,125,stand
37,383,258,125,stand
38,383,267,116,stand
39,383,267,116,stand
40,383,267,116,stand
41,383,258,125,stand
42,383,258,125,stand
43,383,258,125,stand
44,383,267,116,stand
45,383,267,116,stand
46,375,267,108,stand
47,375,275,100,stand
48,375,275,100,stand
49,375,275,100,stand
50,375,267,108,stand
51,375,267,108,stand
52,375,267,108,stand
53,375,267,108,stand
54,375,267,108,stand
55,383,267,116,stand
56,383,267,116,stand
57,383,267,116,stand
58,375,267,108,stand
59,375,267,108,stand
60,375,267,108,stand
61,383,267,116,stand
62,383,267,116,stand
63,383,267,116,stand
64,375,267,108,stand
65,375,267,108,stand
66,375,267,108,stand
67,383,267,116,stand
68,383,267,116,stand
69,375,259,116,stand
70,375,259,116,stand
71,375,259,116,stand
72,383,267,116,stand
73,375,267,108,stand
74,375,258,117,stand
75,375,258,117,stand
76,383,258,125,stand
77,383,258,125,stand
78,383,258,125,stand
79,383,258,125,stand
80,383,267,116,stand
81,383,267,116,stand
82,375,267,108,stand
83,375,267,108,stand
84,375,267,108,stand
85,383,267,116,stand
86,383,267,116,stand
87,375,259,116,stand
88,367,259,108,stand
89,367,259,108,stand
90,375,267,108,stand
91,392,267,125,stand
92,392,267,125,stand
93,384,259,125,stand
94,375,259,116,stand
95,375,267,108,stand
96,383,275,108,stand
97,383,275,108,stand
98,383,258,125,stand
99,383,258,125,stand
100,375,258,117,stand
101,375,258,117,stand
102,375,258,117,stand
103,375,258,117,stand
104,375,267,108,stand
105,375,267,108,stand
106,375,267,108,stand
107,375,267,108,stand
108,375,267,108,stand
109,375,267,108,stand
110,375,267,108,stand
111,375,267,108,stand
112,383,267,116,stand
113,383,267,116,stand
114,383,267,116,stand
115,383,267,116,stand
116,383,258,125,stand
117,391,266,125,stand
118,383,266,117,stand
119,383,275,108,stand
120,375,267,108,stand
121,375,267,108,stand
122,375,267,108,stand
123,375,267,108,stand
124,375,267,108,stand
125,375,267,108,stand
126,375,267,108,stand
127,375,267,108,stand
128,375,267,108,stand
129,367,259,108,stand
130,375,259,116,stand
131,375,259,116,stand
132,383,267,116,stand
133,383,267,116,stand
134,383,267,116,stand
135,391,275,116,stand
136,383,275,108,stand
137,383,275,108,stand
138,375,267,108,stand
139,375,267,108,stand
140,375,275,100,stand
141,375,275,100,stand
142,383,275,108,stand
143,383,267,116,stand
144,383,267,116,stand
145,375,267,108,stand
146,375,267,108,stand
147,367,259,108,stand
148,375,259,116,stand
149,375,259,116,stand
150,383,267,116,stand
151,383,267,116,stand
152,383,267,116,stand
153,383,267,116,stand
154,383,267,116,stand
155,383,258,125,stand
156,383,258,125,stand
157,383,258,125,stand
158,383,267,116,stand
159,383,267,116,stand
160,375,267,108,stand
161,375,267,108,stand
162,375,267,108,stand
163,375,267,108,stand
164,375,258,117,stand
165,375,258,117,stand
166,375,258,117,stand
167,375,258,117,stand
168,375,258,117,stand
169,375,258,117,stand
170,375,258,117,stand
171,367,250,117,stand
172,375,250,125,stand
173,375,259,116,stand
174,391,275,116,stand
175,383,275,108,stand
176,383,275,108,stand
177,375,267,108,stand
178,383,267,116,stand
179,383,267,116,stand
180,383,267,116,stand
181,375,267,108,stand
182,375,267,108,stand
183,383,275,108,stand
184,383,275,108,stand
185,383,275,108,stand
186,375,267,108,stand
187,375,267,108,stand
188,375,267,108,stand
189,375,267,108,stand
190,383,267,116,stand
191,383,267,116,stand
192,391,275,116,stand
193,391,275,116,stand
194,391,275,116,stand
195,383,267,116,stand
196,375,267,108,stand
197,375,267,108,stand
198,375,267,108,stand
199,375,267,108,stand
200,375,267,108,stand
201,383,275,108,stand
202,383,275,108,stand
203,383,266,117,stand
204,383,266,117,stand
205,383,266,117,stand
206,383,275,108,stand
207,383,275,108,stand
208,383,275,108,stand
209,383,275,108,stand
210,375,267,108,stand
211,375,267,108,stand
212,375,267,108,stand
213,375,267,108,stand
214,383,267,116,stand
215,383,267,116,stand
216,375,259,116,stand
217,375,259,116,stand
218,375,259,116,stand
219,383,267,116,stand
220,375,267,108,stand
221,375,267,108,stand
222,375,267,108,stand
223,375,267,108,stand
224,375,267,108,stand
225,383,275,108,stand
226,391,275,116,stand
227,391,275,116,stand
228,391,275,116,stand
229,391,275,116,stand
230,391,266,125,stand
231,375,250,125,stand
232,367,250,117,stand
233,367,259,108,stand
234,383,275,108,stand
235,383,275,108,stand
236,383,275,108,stand
237,375,267,108,stand
238,375,267,108,stand
239,375,267,108,stand
240,375,267,108,stand
241,375,267,108,stand
242,375,267,108,stand
243,375,267,108,stand
244,375,267,108,stand
245,375,258,117,stand
246,375,258,117,stand
247,375,258,117,stand
248,375,267,108,stand
249,375,267,108,stand
250,375,267,108,stand
251,375,267,108,stand
252,383,275,108,stand
253,383,275,108,stand
254,383,275,108,stand
255,375,267,108,stand
256,375,267,108,stand
257,375,258,117,stand
258,375,258,117,stand
259,383,258,125,stand
260,383,267,116,stand
261,383,267,116,stand
262,375,267,108,stand
263,375,267,108,stand
264,375,267,108,stand
265,375,267,108,stand
266,375,258,117,stand
267,375,258,117,stand
268,375,258,117,stand
269,375,258,117,stand
270,375,258,117,stand
271,383,258,125,stand
272,383,267,116,stand
273,383,267,116,stand
274,375,267,108,stand
275,375,267,108,stand
276,375,267,108,stand
277,375,267,108,stand
278,375,267,108,stand
279,375,267,108,stand
280,375,267,108,stand
281,375,267,108,stand
282,383,275,108,stand
283,383,275,108,stand
284,383,275,108,stand
285,383,275,108,stand
286,391,275,116,stand
287,391,275,116,stand
288,383,267,116,stand
289,375,267,108,stand
290,375,267,108,stand
291,375,267,108,stand
292,375,267,108,stand
293,375,275,100,stand
294,383,283,100,stand
295,391,283,108,stand
296,391,275,116,stand
297,383,267,116,stand
298,375,267,108,stand
299,375,258,117,stand
300,375,258,117,stand
301,383,258,125,stand
302,383,258,125,stand
303,375,250,125,stand
304,367,250,117,stand
305,367,250,117,stand
306,375,258,117,stand
307,383,258,125,stand
308,383,258,125,stand
309,383,258,125,stand
310,375,258,117,stand
311,375,267,108,stand
312,383,275,108,stand
313,391,275,116,stand
314,391,266,125,stand
315,383,258,125,stand
316,375,258,117,stand
317,375,267,108,stand
318,375,267,108,stand
319,383,267,116,stand
320,383,267,116,stand
321,391,275,116,stand
322,383,275,108,stand
323,383,275,108,stand
324,383,275,108,stand
325,383,275,108,stand
326,383,275,108,stand
327,375,267,108,stand
328,375,267,108,stand
329,375,258,117,stand
330,383,266,117,stand
331,383,266,117,stand
332,383,275,108,stand
333,375,267,108,stand
334,375,267,108,stand
335,375,267,108,stand
336,383,275,108,stand
337,383,275,108,stand
338,383,275,108,stand
339,383,275,108,stand
340,383,275,108,stand
341,383,266,117,stand
342,383,266,117,stand
343,383,266,117,stand
344,383,275,108,stand
345,383,275,108,stand
346,383,275,108,stand
347,383,266,117,stand
348,375,258,117,stand
349,375,258,117,stand
350,375,267,108,stand
351,375,267,108,stand
352,375,267,108,stand
353,375,267,108,stand
354,375,267,108,stand
355,375,267,108,stand
356,375,267,108,stand
357,383,275,108,stand
358,383,275,108,stand
359,383,283,100,stand
360,367,267,100,stand
361,367,267,100,stand
362,367,250,117,stand
363,383,266,117,stand
364,383,266,117,stand
365,383,266,117,stand
366,383,266,117,stand
367,383,266,117,stand
368,383,266,117,stand
369,375,258,117,stand
370,383,258,125,stand
371,383,267,116,stand
372,391,275,116,stand
373,383,275,108,stand
374,383,275,108,stand
375,383,275,108,stand
376,383,275,108,stand
377,383,266,117,stand
378,383,266,117,stand
379,375,266,109,stand
380,375,266,109,stand
381,375,266,109,stand
382,383,266,117,stand
383,383,275,108,stand
384,375,267,108,stand
385,375,267,108,stand
386,375,267,108,stand
387,375,267,108,stand
388,375,267,108,stand
389,375,267,108,stand
390,392,284,108,stand
391,392,284,108,stand
392,392,284,108,stand
393,383,275,108,stand
394,383,275,108,stand
395,383,275,108,stand
396,392,284,108,stand
397,392,284,108,stand
398,392,284,108,stand
399,375,267,108,stand
400,375,267,108,stand
401,375,258,117,stand
402,375,258,117,stand
403,375,258,117,stand
404,375,267,108,stand
405,383,275,108,stand
406,391,275,116,stand
407,391,275,116,stand
408,383,267,116,stand
409,375,267,108,stand
410,375,258,117,stand
411,383,266,117,stand
412,383,266,117,stand
413,383,275,108,stand
414,383,275,108,stand
415,383,275,108,stand
416,383,266,117,stand
417,375,258,117,stand
418,375,258,117,stand
419,375,267,108,stand
420,375,267,108,stand
421,383,267,116,stand
422,383,267,116,stand
423,383,267,116,stand
424,375,267,108,stand
425,375,258,117,stand
426,383,266,117,stand
427,383,266,117,stand
428,383,266,117,stand
429,383,266,117,stand
430,383,266,117,stand
431,383,266,117,stand
432,383,266,117,stand
433,391,266,125,stand
434,391,275,116,stand
435,383,267,116,stand
436,375,267,108,stand
437,375,267,108,stand
438,375,267,108,stand
439,375,267,108,stand
440,375,258,117,stand
441,375,258,117,stand
442,375,258,117,stand
443,375,258,117,stand
444,383,266,117,stand
445,375,266,109,stand
446,375,275,100,stand
447,367,267,100,stand
448,367,267,100,stand
449,367,267,100,stand
450,367,267,100,stand
451,375,267,108,stand
452,375,258,117,stand
453,375,258,117,stand
454,375,258,117,stand
455,375,258,117,stand
456,383,266,117,stand
457,383,266,117,stand
458,383,266,117,stand
459,375,258,117,stand
460,375,258,117,stand
461,375,258,117,stand
462,375,258,117,stand
463,375,258,117,stand
464,375,267,108,stand
465,375,267,108,stand
466,375,267,108,stand
467,375,267,108,stand
468,375,267,108,stand
469,375,267,108,stand
470,375,258,117,stand
471,383,266,117,stand
472,383,266,117,stand
473,383,275,108,stand
474,383,275,108,stand
475,383,275,108,stand
476,383,275,108,stand
477,383,275,108,stand
478,383,275,108,stand
479,383,275,108,stand
480,383,275,108,stand
481,383,275,108,stand
482,383,266,117,stand
483,375,258,117,stand
484,375,258,117,stand
485,375,258,117,stand
486,375,258,117,stand
487,375,258,117,stand
488,375,258,117,stand
489,375,258,117,stand
490,383,258,125,stand
491,383,267,116,stand
492,391,275,116,stand
493,383,275,108,stand
494,383,266,117,stand
495,375,258,117,stand
496,375,258,117,stand
497,375,258,117,stand
498,375,258,117,stand
499,375,258,117,stand
500,375,258,117,stand
501,375,258,117,stand
502,375,258,117,stand
503,375,258,117,stand
504,375,258,117,stand
505,383,258,125,stand
506,383,267,116,stand
507,383,267,116,stand
508,375,267,108,stand
509,375,258,117,stand
510,383,266,117,stand
511,383,266,117,stand
512,383,266,117,stand
513,383,266,117,stand
514,383,266,117,stand
515,383,275,108,stand
516,375,267,108,stand
517,375,267,108,stand
518,375,267,108,stand
519,375,267,108,stand
520,375,267,108,stand
521,375,267,108,stand
522,375,267,108,stand
523,383,267,116,stand
524,383,267,116,stand
525,383,267,116,stand
526,375,267,108,stand
527,375,267,108,stand
528,375,267,108,stand
529,383,267,116,stand
530,383,267,116,stand
531,383,267,116,stand
532,375,267,108,stand
533,375,258,117,stand
534,375,258,117,stand
535,375,258,117,stand
536,375,258,117,stand
537,375,258,117,stand
538,383,258,125,stand
539,383,267,116,stand
540,383,267,116,stand
541,375,267,108,stand
542,375,258,117,stand
543,383,266,117,stand
544,383,266,117,stand
545,383,266,117,stand
546,375,258,117,stand
547,375,258,117,stand
548,375,258,117,stand
549,375,258,117,stand
550,375,258,117,stand
551,375,267,108,stand
552,375,267,108,stand
553,383,267,116,stand
554,383,267,116,stand
555,383,267,116,stand
556,375,267,108,stand
557,375,258,117,stand
558,375,258,117,stand
559,375,258,117,stand
560,375,267,108,stand
561,383,275,108,stand
562,383,275,108,stand
563,383,266,117,stand
564,367,250,117,stand
565,367,250,117,stand
566,367,250,117,stand
567,383,266,117,stand
568,383,266,117,stand
569,383,283,100,stand
570,383,283,100,stand
571,375,283,92,stand
572,375,275,100,stand
573,367,267,100,stand
574,375,267,108,stand
575,375,267,108,stand
576,383,275,108,stand
577,383,275,108,stand
578,383,275,108,stand
579,383,275,108,stand
580,391,275,116,stand
581,391,275,116,stand
582,391,275,116,stand
583,383,275,108,stand
584,383,266,117,stand
585,375,258,117,stand
586,375,258,117,stand
587,375,258,117,stand
588,375,258,117,stand
589,375,258,117,stand
590,375,267,108,stand
591,383,275,108,stand
592,383,275,108,stand
593,383,275,108,stand
594,383,275,108,stand
595,383,275,108,stand
596,383,266,117,stand
597,375,258,117,stand
598,375,258,117,stand
599,375,267,108,stand
600,383,275,108,stand
601,383,275,108,stand
602,383,275,108,stand
603,375,267,108,stand
604,375,267,108,stand
605,375,258,117,stand
606,383,266,117,stand
607,383,266,117,stand
608,383,266,117,stand
609,383,266,117,stand
610,391,266,125,stand
611,391,266,125,stand
612,383,258,125,stand
613,383,258,125,stand
614,383,258,125,stand
615,383,258,125,stand
616,375,258,117,stand
617,375,258,117,stand
618,383,266,117,stand
619,391,266,125,stand
620,391,275,116,stand
621,383,267,116,stand
622,383,267,116,stand
623,383,258,125,stand
624,383,258,125,stand
625,375,258,117,stand
626,375,267,108,stand
627,375,267,108,stand
628,375,267,108,stand
629,375,267,108,stand
630,375,267,108,stand
631,383,267,116,stand
632,383,267,116,stand
633,383,267,116,stand
634,375,267,108,stand
635,375,267,108,stand
636,375,267,108,stand
637,375,267,108,stand
638,375,258,117,stand
639,375,258,117,stand
640,375,258,117,stand
641,375,267,108,stand
642,375,267,108,stand
643,383,267,116,stand
644,383,267,116,stand
645,383,267,116,stand
646,375,267,108,stand
647,375,267,108,stand
648,375,267,108,stand
649,375,267,108,stand
650,375,258,117,stand
651,367,250,117,stand
652,367,250,117,stand
653,367,259,108,stand
654,375,267,108,stand
655,367,267,100,stand
656,367,267,100,stand
657,367,267,100,stand
658,367,267,100,stand
659,367,267,100,stand
660,367,267,100,stand
661,375,267,108,stand
662,375,267,108,stand
663,383,275,108,stand
664,383,275,108,stand
665,383,275,108,stand
666,383,275,108,stand
667,391,275,116,stand
668,391,275,116,stand
669,383,267,116,stand
670,375,267,108,stand
671,375,267,108,stand
672,375,267,108,stand
673,375,267,108,stand
674,375,267,108,stand
675,375,267,108,stand
676,367,267,100,stand
677,367,267,100,stand
678,367,267,100,stand
679,367,267,100,stand
680,367,267,100,stand
681,367,267,100,stand
682,375,267,108,stand
683,375,267,108,stand
684,375,267,108,stand
685,375,267,108,stand
686,375,267,108,stand
687,375,267,108,stand
688,375,267,108,stand
689,375,258,117,stand
690,375,258,117,stand
691,383,258,125,stand
692,383,267,116,stand
693,383,267,116,stand
694,375,267,108,stand
695,375,258,117,stand
696,375,258,117,stand
697,375,258,117,stand
698,375,258,117,stand
699,367,250,117,stand
700,367,250,117,stand
701,367,250,117,stand
702,367,250,117,stand
703,367,250,117,stand
704,367,259,108,stand
705,367,259,108,stand
706,367,259,108,stand
707,367,250,117,stand
708,358,241,117,stand
709,358,241,117,stand
710,358,241,117,stand
711,367,250,117,stand
712,375,250,125,stand
713,375,259,116,stand
714,375,259,116,stand
715,375,259,116,stand
716,375,250,125,stand
717,383,258,125,stand
718,383,258,125,stand
719,383,258,125,stand
720,375,250,125,stand
721,367,250,117,stand
722,367,259,108,stand
723,375,267,108,stand
724,375,267,108,stand
725,375,258,117,stand
726,367,250,117,stand
727,367,250,117,stand
728,367,250,117,stand
729,367,250,117,stand
730,375,250,125,stand
731,375,250,125,stand
732,375,250,125,stand
733,359,250,109,stand
734,359,250,109,stand
735,359,250,109,stand
736,367,250,117,stand
737,367,259,108,stand
738,367,259,108,stand
739,367,259,108,stand
740,367,250,117,stand
741,367,250,117,stand
742,375,250,125,stand
743,375,259,116,stand
744,383,267,116,stand
745,375,267,108,stand
746,375,258,117,stand
747,367,250,117,stand
748,367,250,117,stand
749,367,250,117,stand
750,367,250,117,stand
751,367,250,117,stand
752,367,259,108,stand
753,375,267,108,stand
754,367,267,100,stand
755,367,258,109,stand
756,359,250,109,stand
757,359,250,109,stand
758,359,250,109,stand
759,359,250,109,stand
760,359,250,109,stand
761,359,250,109,stand
762,367,258,109,stand
763,367,258,109,stand
764,367,267,100,stand
765,359,259,100,stand
766,367,259,108,stand
767,367,250,117,stand
768,367,250,117,stand
769,367,250,117,stand
770,367,250,117,stand
771,367,250,117,stand
772,367,250,117,stand
773,367,259,108,stand
774,367,259,108,stand
775,367,259,108,stand
776,367,250,117,stand
777,375,258,117,stand
778,375,258,117,stand
779,375,258,117,stand
780,367,250,117,stand
781,367,250,117,stand
782,367,250,117,stand
783,367,250,117,stand
784,367,250,117,stand
785,367,250,117,stand
786,367,250,117,stand
787,367,250,117,stand
788,367,250,117,stand
789,358,241,117,stand
790,358,241,117,stand
791,358,241,117,stand
792,375,258,117,stand
793,375,258,117,stand
794,375,258,117,stand
795,367,250,117,stand
796,367,250,117,stand
797,367,259,108,stand
798,375,267,108,stand
799,367,267,100,stand
800,367,267,100,stand
801,359,259,100,stand
802,367,259,108,stand
803,367,250,117,stand
804,375,258,117,stand
805,367,258,109,stand
806,367,267,100,stand
807,367,267,100,stand
808,375,267,108,stand
809,375,258,117,stand
810,375,258,117,stand
811,375,258,117,stand
812,375,258,117,stand
813,375,258,117,stand
814,375,258,117,stand
815,375,258,117,stand
816,375,258,117,stand
817,375,258,117,stand
818,375,267,108,stand
819,375,267,108,stand
820,375,267,108,stand
821,375,258,117,stand
822,375,258,117,stand
823,375,258,117,stand
824,375,267,108,stand
825,375,267,108,stand
826,383,267,116,stand
827,383,258,125,stand
828,383,258,125,stand
829,375,258,117,stand
830,375,267,108,stand
831,375,267,108,stand
832,375,267,108,stand
833,375,258,117,stand
834,367,250,117,stand
835,367,250,117,stand
836,367,250,117,stand
837,375,258,117,stand
838,375,258,117,stand
839,375,258,117,stand
840,375,258,117,stand
841,375,258,117,stand
842,375,258,117,stand
843,367,250,117,stand
844,367,250,117,stand
845,367,259,108,stand
846,367,259,108,stand
847,359,259,100,stand
848,359,250,109,stand
849,359,250,109,stand
850,367,250,117,stand
851,367,250,117,stand
852,367,250,117,stand
853,359,250,109,stand
854,359,250,109,stand
855,359,250,109,stand
856,367,250,117,stand
857,367,259,108,stand
858,367,259,108,stand
859,367,259,108,stand
860,367,250,117,stand
861,367,250,117,stand
862,359,250,109,stand
863,359,250,109,stand
864,367,258,109,stand
865,375,258,117,stand
866,375,258,117,stand
867,367,250,117,stand
868,367,250,117,stand
869,367,259,108,stand
870,367,259,108,stand
871,359,259,100,stand
872,359,250,109,stand
873,359,250,109,stand
874,367,250,117,stand
875,367,259,108,stand
876,375,267,108,stand
877,375,267,108,stand
878,375,267,108,stand
879,375,267,108,stand
880,375,267,108,stand
881,375,258,117,stand
882,367,250,117,stand
883,375,250,125,stand
884,375,259,116,stand
885,383,267,116,stand
886,375,267,108,stand
887,375,258,117,stand
888,375,258,117,stand
889,367,258,109,stand
890,367,258,109,stand
891,367,258,109,stand
892,375,258,117,stand
893,375,258,117,stand
894,375,258,117,stand
895,375,258,117,stand
896,375,267,108,stand
897,367,259,108,stand
898,367,259,108,stand
899,367,250,117,stand
900,375,258,117,stand
901,375,258,117,stand
902,375,258,117,stand
903,375,258,117,stand
904,383,258,125,stand
905,383,258,125,stand
906,383,258,125,stand
907,375,258,117,stand
908,375,267,108,stand
909,383,275,108,stand
910,383,275,108,stand
911,383,266,117,stand
912,375,258,117,stand
913,367,258,109,stand
914,367,258,109,stand
915,367,258,109,stand
916,375,258,117,stand
917,375,258,117,stand
918,383,266,117,stand
919,383,266,117,stand
920,383,275,108,stand
921,375,267,108,stand
922,367,267,100,stand
923,367,267,100,stand
924,375,275,100,stand
925,383,275,108,stand
926,383,266,117,stand
927,375,258,117,stand
928,383,258,125,stand
929,383,258,125,stand
930,375,250,125,stand
931,367,250,117,stand
932,367,250,117,stand
933,375,258,117,stand
934,375,258,117,stand
935,375,258,117,stand
936,358,241,117,stand
937,358,241,117,stand
938,358,241,117,stand
939,375,258,117,stand
940,375,258,117,stand
941,375,267,108,stand
942,367,259,108,stand
943,367,259,108,stand
944,367,250,117,stand
945,375,258,117,stand
946,383,258,125,stand
947,383,258,125,stand
948,383,258,125,stand
949,375,258,117,stand
950,375,258,117,stand
951,375,258,117,stand
952,383,258,125,stand
953,383,267,116,stand
954,383,267,116,stand
955,375,267,108,stand
956,375,267,108,stand
957,375,267,108,stand
958,375,267,108,stand
959,375,258,117,stand
960,375,258,117,stand
961,375,258,117,stand
962,375,267,108,stand
963,367,259,108,stand
964,367,259,108,stand
965,367,250,117,stand
966,375,258,117,stand
967,375,258,117,stand
968,375,258,117,stand
969,367,250,117,stand
970,367,250,117,stand
971,367,259,108,stand
972,367,259,108,stand
973,367,259,108,stand
974,367,250,117,stand
975,375,258,117,stand
976,375,258,117,stand
977,375,258,117,stand
978,367,250,117,stand_sit
979,367,250,117,stand_sit
980,367,259,108,stand_sit
981,367,259,108,stand_sit
982,375,259,116,stand_sit
983,375,250,125,stand_sit
984,375,250,125,stand_sit
985,367,250,117,stand_sit
986,367,250,117,stand_sit
987,358,241,117,stand_sit
988,358,241,117,stand_sit
989,358,233,125,stand_sit
990,350,225,125,stand_sit
991,350,225,125,stand_sit
992,350,242,108,stand_sit
993,358,250,108,stand_sit
994,366,250,116,stand_sit
995,366,241,125,stand_sit
996,358,233,125,stand_sit
997,358,233,125,stand_sit
998,358,250,108,stand_sit
999,358,250,108,stand_sit
1000,350,250,100,stand_sit
1001,350,242,108,stand_sit
1002,350,242,108,stand_sit
1003,350,242,108,stand_sit
1004,350,242,108,stand_sit
1005,342,234,108,stand_sit
1006,342,234,108,stand_sit
1007,342,242,100,stand_sit
1008,342,242,100,stand_sit
1009,342,242,100,stand_sit
1010,342,242,100,stand_sit
1011,342,242,100,stand_sit
1012,342,242,100,stand_sit
1013,342,242,100,stand_sit
1014,333,233,100,stand_sit
1015,333,233,100,stand_sit
1016,333,233,100,stand_sit
1017,333,233,100,stand_sit
1018,333,233,100,stand_sit
1019,333,233,100,stand_sit
1020,325,225,100,stand_sit
1021,325,225,100,stand_sit
1022,325,225,100,stand_sit
1023,325,225,100,stand_sit
1024,325,225,100,stand_sit
1025,325,225,100,stand_sit
1026,325,225,100,stand_sit
1027,325,225,100,stand_sit
1028,325,225,100,stand_sit
1029,317,217,100,stand_sit
1030,317,217,100,stand_sit
1031,317,217,100,stand_sit
1032,308,208,100,stand_sit
1033,300,208,92,stand_sit
1034,300,208,92,stand_sit
1035,300,208,92,stand_sit
1036,316,208,108,stand_sit
1037,316,216,100,stand_sit
1038,316,216,100,stand_sit
1039,308,216,92,stand_sit
1040,308,216,92,stand_sit
1041,308,216,92,stand_sit
1042,308,216,92,stand_sit
1043,308,216,92,stand_sit
1044,308,216,92,stand_sit
1045,308,216,92,stand_sit
1046,308,216,92,stand_sit
1047,308,216,92,stand_sit
1048,308,216,92,stand_sit
1049,308,216,92,stand_sit
1050,308,216,92,stand_sit
1051,308,216,92,stand_sit
1052,308,225,83,stand_sit
1053,308,225,83,stand_sit
1054,300,225,75,stand_sit
1055,300,225,75,stand_sit
1056,300,225,75,stand_sit
1057,300,225,75,stand_sit
1058,300,225,75,stand_sit
1059,300,225,75,stand_sit
1060,308,225,83,stand_sit
1061,308,233,75,stand_sit
1062,308,233,75,stand_sit
1063,308,233,75,stand_sit
1064,308,233,75,stand_sit
1065,308,233,75,stand_sit
1066,308,233,75,stand_sit
1067,308,233,75,stand_sit
1068,308,233,75,stand_sit
1069,308,233,75,stand_sit
1070,308,241,67,stand_sit
1071,308,241,67,stand_sit
1072,300,241,59,stand_sit
1073,300,233,67,stand_sit
1074,300,233,67,stand_sit
1075,308,233,75,stand_sit
1076,308,241,67,stand_sit
1077,308,241,67,stand_sit
1078,308,241,67,stand_sit
1079,308,233,75,stand_sit
1080,308,233,75,stand_sit
1081,308,233,75,stand_sit
1082,308,241,67,stand_sit
1083,308,241,67,stand_sit
1084,308,241,67,stand_sit
1085,308,233,75,stand_sit
1086,317,242,75,stand_sit
1087,317,242,75,stand_sit
1088,317,242,75,stand_sit
1089,325,250,75,stand_sit
1090,325,250,75,stand_sit
1091,325,258,67,stand_sit
1092,325,258,67,stand_sit
1093,325,258,67,stand_sit
1094,325,250,75,stand_sit
1095,325,250,75,stand_sit
1096,325,250,75,stand_sit
1097,325,258,67,sit
1098,325,258,67,sit
1099,325,258,67,sit
1100,325,250,75,sit
1101,325,250,75,sit
1102,325,250,75,sit
1103,325,258,67,sit
1104,325,258,67,sit
1105,333,258,75,sit
1106,333,258,75,sit
1107,333,258,75,sit
1108,333,258,75,sit
1109,333,258,75,sit
1110,325,250,75,sit
1111,317,250,67,sit
1112,317,242,75,sit
1113,333,258,75,sit
1114,333,258,75,sit
1115,333,266,67,sit
1116,325,258,67,sit
1117,325,258,67,sit
1118,325,258,67,sit
1119,325,258,67,sit
1120,325,258,67,sit
1121,325,250,75,sit
1122,333,258,75,sit
1123,333,258,75,sit
1124,333,266,67,sit
1125,325,258,67,sit
1126,333,258,75,sit
1127,333,258,75,sit
1128,333,258,75,sit
1129,325,258,67,sit
1130,325,250,75,sit
1131,325,250,75,sit
1132,325,250,75,sit
1133,325,258,67,sit
1134,325,258,67,sit
1135,317,258,59,sit
1136,317,250,67,sit
1137,317,250,67,sit
1138,325,250,75,sit
1139,325,258,67,sit
1140,325,258,67,sit
1141,333,258,75,sit
1142,333,250,83,sit
1143,333,250,83,sit
1144,325,250,75,sit
1145,325,258,67,sit
1146,325,258,67,sit
1147,317,258,59,sit
1148,317,258,59,sit
1149,317,258,59,sit
1150,325,258,67,sit
1151,325,258,67,sit
1152,325,258,67,sit
1153,325,258,67,sit
1154,325,258,67,sit
1155,325,258,67,sit
1156,333,258,75,sit
1157,333,258,75,sit
1158,333,258,75,sit
1159,325,258,67,sit
1160,325,258,67,sit
1161,325,258,67,sit
1162,325,258,67,sit
1163,325,258,67,sit
1164,325,258,67,sit
1165,325,258,67,sit
1166,325,258,67,sit
1167,325,258,67,sit
1168,325,258,67,sit
1169,325,258,67,sit
1170,325,258,67,sit
1171,325,258,67,sit
1172,325,250,75,sit
1173,333,258,75,sit
1174,333,258,75,sit
1175,333,258,75,sit
1176,325,250,75,sit
1177,325,250,75,sit
1178,325,258,67,sit
1179,333,266,67,sit
1180,333,266,67,sit
1181,333,258,75,sit
1182,325,250,75,sit
1183,325,250,75,sit
1184,325,258,67,sit
1185,325,258,67,sit
1186,325,258,67,sit
1187,325,250,75,sit
1188,333,258,75,sit
1189,333,258,75,sit
1190,333,266,67,sit
1191,325,258,67,sit
1192,325,258,67,sit
1193,325,258,67,sit
1194,325,258,67,sit
1195,325,258,67,sit
1196,325,258,67,sit
1197,325,258,67,sit
1198,333,258,75,sit
1199,333,258,75,sit
1200,333,258,75,sit
1201,333,258,75,sit
1202,333,250,83,sit
1203,341,258,83,sit
1204,333,258,75,sit
1205,333,258,75,sit
1206,325,250,75,sit
1207,325,250,75,sit
1208,325,258,67,sit
1209,325,258,67,sit
1210,333,258,75,sit
1211,333,258,75,sit
1212,341,266,75,sit
1213,333,266,67,sit
1214,333,266,67,sit
1215,325,258,67,sit
1216,333,258,75,sit
1217,333,258,75,sit
1218,341,266,75,sit
1219,333,266,67,sit
1220,333,266,67,sit
1221,333,266,67,sit
1222,333,266,67,sit
1223,333,266,67,sit
1224,325,258,67,sit
1225,325,258,67,sit
1226,325,258,67,sit
1227,333,266,67,sit
1228,333,266,67,sit
1229,333,266,67,sit
1230,333,266,67,sit
1231,333,266,67,sit
1232,333,258,75,sit
1233,325,250,75,sit
1234,325,250,75,sit
1235,325,258,67,sit
1236,325,258,67,sit
1237,325,258,67,sit
1238,325,258,67,sit
1239,333,266,67,sit
1240,333,266,67,sit
1241,333,266,67,sit
1242,325,258,67,sit
1243,317,258,59,sit
1244,317,258,59,sit
1245,309,250,59,sit
1246,317,250,67,sit
1247,317,250,67,sit
1248,325,258,67,sit
1249,325,258,67,sit
1250,325,258,67,sit
1251,333,266,67,sit
1252,333,266,67,sit
1253,333,266,67,sit
1254,325,258,67,sit
1255,325,258,67,sit
1256,325,258,67,sit
1257,317,250,67,sit
1258,309,250,59,sit
1259,309,242,67,sit
1260,317,250,67,sit
1261,325,250,75,sit
1262,325,250,75,sit
1263,333,258,75,sit
1264,333,258,75,sit
1265,333,266,67,sit
1266,325,258,67,sit
1267,325,258,67,sit
1268,325,258,67,sit
1269,325,258,67,sit
1270,325,258,67,sit
1271,325,258,67,sit
1272,333,266,67,sit
1273,333,266,67,sit
1274,333,266,67,sit
1275,325,258,67,sit
1276,333,258,75,sit
1277,333,258,75,sit
1278,333,258,75,sit
1279,325,258,67,sit
1280,325,258,67,sit
1281,325,258,67,sit
1282,325,258,67,sit
1283,325,258,67,sit
1284,325,258,67,sit
1285,325,258,67,sit
1286,325,250,75,sit
1287,325,250,75,sit
1288,325,250,75,sit
1289,325,258,67,sit
1290,325,258,67,sit
1291,317,258,59,sit
1292,317,258,59,sit
1293,317,258,59,sit
1294,317,258,59,sit
1295,317,258,59,sit
1296,325,266,59,sit
1297,333,266,67,sit
1298,333,266,67,sit
1299,325,258,67,sit
1300,325,258,67,sit
1301,325,258,67,sit
1302,325,258,67,sit
1303,325,258,67,sit
1304,325,258,67,sit
1305,333,266,67,sit
1306,333,266,67,sit
1307,333,266,67,sit
1308,333,266,67,sit
1309,333,266,67,sit
1310,333,266,67,sit
1311,325,258,67,sit
1312,325,258,67,sit
1313,325,258,67,sit
1314,325,258,67,sit
1315,333,258,75,sit
1316,333,258,75,sit
1317,333,258,75,sit
1318,325,258,67,sit
1319,325,258,67,sit
1320,333,266,67,sit
1321,333,266,67,sit
1322,333,258,75,sit
1323,325,250,75,sit
1324,325,250,75,sit
1325,325,258,67,sit
1326,333,266,67,sit
1327,333,266,67,sit
1328,333,258,75,sit
1329,333,258,75,sit
1330,333,258,75,sit
1331,333,266,67,sit
1332,333,266,67,sit
1333,333,266,67,sit
1334,333,266,67,sit
1335,333,266,67,sit
1336,333,266,67,sit
1337,333,266,67,sit
1338,325,258,67,sit
1339,325,258,67,sit
1340,325,258,67,sit
1341,325,258,67,sit
1342,325,258,67,sit
1343,325,250,75,sit
1344,333,258,75,sit
1345,333,258,75,sit
1346,333,258,75,sit
1347,333,258,75,sit
1348,325,258,67,sit
1349,325,266,59,sit
1350,325,266,59,sit
1351,333,266,67,sit
1352,333,266,67,sit
1353,325,258,67,sit
1354,333,258,75,sit
1355,333,250,83,sit
1356,333,250,83,sit
1357,325,250,75,sit
1358,325,258,67,sit
1359,317,250,67,sit
1360,317,250,67,sit
1361,317,250,67,sit
1362,333,266,67,sit
1363,333,266,67,sit
1364,333,258,75,sit
1365,333,258,75,sit
1366,333,258,75,sit
1367,333,266,67,sit
1368,325,258,67,sit
1369,325,258,67,sit
1370,325,258,67,sit
1371,325,258,67,sit
1372,325,258,67,sit
1373,325,258,67,sit
1374,325,258,67,sit
1375,325,258,67,sit
1376,325,250,75,sit
1377,325,250,75,sit
1378,325,250,75,sit
1379,325,258,67,sit
1380,333,266,67,sit
1381,333,266,67,sit
1382,333,258,75,sit
1383,333,258,75,sit
1384,333,258,75,sit
1385,333,266,67,sit
1386,325,258,67,sit
1387,325,258,67,sit
1388,325,258,67,sit
1389,333,266,67,sit
1390,341,266,75,sit
1391,341,266,75,sit
1392,333,258,75,sit
1393,325,258,67,sit
1394,325,258,67,sit
1395,325,258,67,sit
1396,325,258,67,sit
1397,325,250,75,sit
1398,325,250,75,sit
1399,325,250,75,sit
1400,325,258,67,sit
1401,325,258,67,sit
1402,325,258,67,sit
1403,325,258,67,sit
1404,325,258,67,sit
1405,325,258,67,sit
1406,325,258,67,sit
1407,325,258,67,sit
1408,325,258,67,sit
1409,325,250,75,sit
1410,325,250,75,sit
1411,325,250,75,sit
1412,325,258,67,sit
1413,325,258,67,sit
1414,325,258,67,sit
1415,325,258,67,sit
1416,325,258,67,sit
1417,325,258,67,sit
1418,325,258,67,sit
1419,317,250,67,sit
1420,317,250,67,sit
1421,317,250,67,sit
1422,317,250,67,sit
1423,317,250,67,sit
1424,317,250,67,sit
1425,325,258,67,sit
1426,325,258,67,sit
1427,325,258,67,sit
1428,325,258,67,sit
1429,325,258,67,sit
1430,325,258,67,sit
1431,325,258,67,sit
1432,325,258,67,sit
1433,325,258,67,sit
1434,333,266,67,sit
1435,333,266,67,sit
1436,333,266,67,sit
1437,333,266,67,sit
1438,333,266,67,sit
1439,333,266,67,sit
1440,325,258,67,sit
1441,325,258,67,sit
1442,325,258,67,sit
1443,325,258,67,sit
1444,325,258,67,sit
1445,325,258,67,sit
1446,325,258,67,sit
1447,333,258,75,sit
1448,333,267,66,sit
1449,341,275,66,sit
1450,333,275,58,sit
1451,333,266,67,sit
1452,325,258,67,sit
1453,325,258,67,sit
1454,325,258,67,sit
1455,325,258,67,sit
1456,325,258,67,sit
1457,325,250,75,sit
1458,333,258,75,sit
1459,333,258,75,sit
1460,333,275,58,sit
1461,333,275,58,sit
1462,333,275,58,sit
1463,333,258,75,sit
1464,325,250,75,sit
1465,325,250,75,sit
1466,325,258,67,sit
1467,325,258,67,sit
1468,325,258,67,sit
1469,325,258,67,sit
1470,325,258,67,sit
1471,325,258,67,sit
1472,325,258,67,sit
1473,333,266,67,sit
1474,333,266,67,sit
1475,333,266,67,sit
1476,325,258,67,sit
1477,325,258,67,sit
1478,325,258,67,sit
1479,325,258,67,sit
1480,325,258,67,sit
1481,325,258,67,sit
1482,325,258,67,sit
1483,325,258,67,sit
1484,325,258,67,sit
1485,325,258,67,sit
1486,325,258,67,sit
1487,325,258,67,sit
1488,333,266,67,sit
1489,333,266,67,sit
1490,333,258,75,sit
1491,325,250,75,sit
1492,317,250,67,sit
1493,317,258,59,sit
1494,317,258,59,sit
1495,325,258,67,sit
1496,325,250,75,sit
1497,325,250,75,sit
1498,325,250,75,sit
1499,325,250,75,sit
1500,325,250,75,sit
1501,325,250,75,sit
1502,325,258,67,sit
1503,325,258,67,sit
1504,325,258,67,sit
1505,325,258,67,sit
1506,325,258,67,sit
1507,325,258,67,sit
1508,325,258,67,sit
1509,325,258,67,sit
1510,325,258,67,sit
1511,325,258,67,sit
1512,317,250,67,sit
1513,317,250,67,sit
1514,317,250,67,sit
1515,325,258,67,sit
1516,325,258,67,sit
1517,325,250,75,sit
1518,317,242,75,sit
1519,317,242,75,sit
1520,317,250,67,sit
1521,325,258,67,sit
1522,333,258,75,sit
1523,333,250,83,sit
1524,333,250,83,sit
1525,333,250,83,sit
1526,333,258,75,sit
1527,341,266,75,sit
1528,333,266,67,sit
1529,333,266,67,sit
1530,325,258,67,sit
1531,325,258,67,sit
1532,325,250,75,sit
1533,317,242,75,sit
1534,317,242,75,sit
1535,317,242,75,sit
1536,325,250,75,sit
1537,325,250,75,sit
1538,325,258,67,sit
1539,325,258,67,sit
1540,317,258,59,sit
1541,317,258,59,sit
1542,325,266,59,sit
1543,341,266,75,sit
1544,341,258,83,sit
1545,333,250,83,sit
1546,325,250,75,sit
1547,325,258,67,sit
1548,333,266,67,sit
1549,333,266,67,sit
1550,333,258,75,sit
1551,325,250,75,sit
1552,325,250,75,sit
1553,325,250,75,sit
1554,333,258,75,sit
1555,333,258,75,sit
1556,333,258,75,sit
1557,325,250,75,sit
1558,325,250,75,sit
1559,325,258,67,sit
1560,325,258,67,sit
1561,333,258,75,sit
1562,333,258,75,sit
1563,333,258,75,sit
1564,325,258,67,sit
1565,325,250,75,sit
1566,333,258,75,sit
1567,333,258,75,sit
1568,333,258,75,sit
1569,325,250,75,sit
1570,333,250,83,sit
1571,333,250,83,sit
1572,333,250,83,sit
1573,325,250,75,sit
1574,325,258,67,sit
1575,325,258,67,sit
1576,325,258,67,sit
1577,325,258,67,sit
1578,325,258,67,sit
1579,325,258,67,sit
1580,325,258,67,sit
1581,325,258,67,sit
1582,333,258,75,sit
1583,333,250,83,sit
1584,341,258,83,sit
1585,333,258,75,sit
1586,333,266,67,sit
1587,333,266,67,sit
1588,333,266,67,sit
1589,333,266,67,sit
1590,333,266,67,sit
1591,333,266,67,sit
1592,333,266,67,sit
1593,333,266,67,sit
1594,333,266,67,sit
1595,333,266,67,sit
1596,333,266,67,sit
1597,333,266,67,sit
1598,333,266,67,sit
1599,325,258,67,sit
1600,325,258,67,sit
1601,325,258,67,sit
1602,333,266,67,sit
1603,333,266,67,sit
1604,333,258,75,sit
1605,333,258,75,sit
1606,325,258,67,sit
1607,325,258,67,sit
1608,317,250,67,sit
1609,325,250,75,sit
1610,325,258,67,sit
1611,325,258,67,sit
1612,325,258,67,sit
1613,325,258,67,sit
1614,325,258,67,sit
1615,325,258,67,sit
1616,325,250,75,sit
1617,325,250,75,sit
1618,325,250,75,sit
1619,325,250,75,sit
1620,333,258,75,sit
1621,333,258,75,sit
1622,333,266,67,sit
1623,333,266,67,sit
1624,333,266,67,sit
1625,333,266,67,sit
1626,325,258,67,sit
1627,333,258,75,sit
1628,333,258,75,sit
1629,333,258,75,sit
1630,325,258,67,sit
1631,325,258,67,sit
1632,325,258,67,sit
1633,317,258,59,sit
1634,317,258,59,sit
1635,317,258,59,sit
1636,325,258,67,sit
1637,325,250,75,sit
1638,333,258,75,sit
1639,333,258,75,sit
1640,333,258,75,sit
1641,325,250,75,sit
1642,317,250,67,sit
1643,317,258,59,sit
1644,317,258,59,sit
1645,325,258,67,sit
1646,325,250,75,sit
1647,325,250,75,sit
1648,325,250,75,sit
1649,325,258,67,sit
1650,333,266,67,sit
1651,341,266,75,sit
1652,341,266,75,sit
1653,341,266,75,sit
1654,333,266,67,sit
1655,333,258,75,sit
1656,333,258,75,sit
1657,333,258,75,sit
1658,333,258,75,sit
1659,325,250,75,sit
1660,325,250,75,sit
1661,325,258,67,sit
1662,333,266,67,sit
1663,333,266,67,sit
1664,333,266,67,sit
1665,325,258,67,sit
1666,325,258,67,sit
1667,325,250,75,sit
1668,325,250,75,sit
1669,325,250,75,sit
1670,325,258,67,sit
1671,325,258,67,sit
1672,325,258,67,sit
1673,325,258,67,sit
1674,325,258,67,sit
1675,325,258,67,sit
1676,325,250,75,sit
1677,333,258,75,sit
1678,341,258,83,sit
1679,341,258,83,sit
1680,341,258,83,sit
1681,333,258,75,sit
1682,333,266,67,sit
1683,325,258,67,sit
1684,333,258,75,sit
1685,333,258,75,sit
1686,333,258,75,sit
1687,325,258,67,sit
1688,325,258,67,sit
1689,325,258,67,sit
1690,325,258,67,sit
1691,325,258,67,sit
1692,333,266,67,sit
1693,333,266,67,sit
1694,333,258,75,sit
1695,325,250,75,sit
1696,333,250,83,sit
1697,333,250,83,sit
1698,333,250,83,sit
1699,325,250,75,sit
1700,325,258,67,sit
1701,325,258,67,sit
1702,317,258,59,sit
1703,317,250,67,sit
1704,317,250,67,sit
1705,317,250,67,sit
1706,317,258,59,sit
1707,317,258,59,sit
1708,325,258,67,sit
1709,325,258,67,sit
1710,333,266,67,sit
1711,333,266,67,sit
1712,333,258,75,sit
1713,333,258,75,sit
1714,333,258,75,sit
1715,333,266,67,sit
1716,325,258,67,sit
1717,317,258,59,sit
1718,317,258,59,sit
1719,317,258,59,sit
1720,325,258,67,sit
1721,325,250,75,sit
1722,325,250,75,sit
1723,325,250,75,sit
1724,325,258,67,sit
1725,333,266,67,sit
1726,333,266,67,sit
1727,333,266,67,sit
1728,333,266,67,sit
1729,325,266,59,sit
1730,325,266,59,sit
1731,317,258,59,sit
1732,325,258,67,sit
1733,325,258,67,sit
1734,333,266,67,sit
1735,333,266,67,sit
1736,333,266,67,sit
1737,325,258,67,sit
1738,325,258,67,sit
1739,325,250,75,sit
1740,325,250,75,sit
1741,317,250,67,sit
1742,317,250,67,sit
1743,325,258,67,sit
1744,333,258,75,sit
1745,333,258,75,sit
1746,325,250,75,sit
1747,325,250,75,sit
1748,325,250,75,sit
1749,317,242,75,sit
1750,317,242,75,sit
1751,317,250,67,sit
1752,325,258,67,sit
1753,325,258,67,sit
1754,325,258,67,sit
1755,333,266,67,sit
1756,333,266,67,sit
1757,333,266,67,sit
1758,325,258,67,sit
1759,325,258,67,sit
1760,325,250,75,sit
1761,333,258,75,sit
1762,341,258,83,sit
1763,341,258,83,sit
1764,333,250,83,sit
1765,325,250,75,sit
1766,325,250,75,sit
1767,325,250,75,sit
1768,325,250,75,sit
1769,325,258,67,sit
1770,333,266,67,sit
1771,333,266,67,sit
1772,333,266,67,sit
1773,333,266,67,sit
1774,333,266,67,sit
1775,333,266,67,sit
1776,333,266,67,sit
1777,333,266,67,sit
1778,333,266,67,sit
1779,325,258,67,sit
1780,317,258,59,sit
1781,317,250,67,sit
1782,317,250,67,sit
1783,325,250,75,sit
1784,325,258,67,sit
1785,325,258,67,sit
1786,317,258,59,sit
1787,317,258,59,sit
1788,317,258,59,sit
1789,325,258,67,sit
1790,325,258,67,sit
1791,333,266,67,sit
1792,333,266,67,sit
1793,333,266,67,sit
1794,325,258,67,sit
1795,317,258,59,sit
1796,317,258,59,sit
1797,325,266,59,sit
1798,333,266,67,sit
1799,333,266,67,sit
1800,333,266,67,sit
1801,333,266,67,sit
1802,333,266,67,sit
1803,325,258,67,sit
1804,317,258,59,sit
1805,317,250,67,sit
1806,317,250,67,sit
1807,325,250,75,sit
1808,325,258,67,sit
1809,325,258,67,sit
1810,333,258,75,sit
1811,333,258,75,sit
1812,333,258,75,sit
1813,325,258,67,sit
1814,325,250,75,sit
1815,333,258,75,sit
1816,341,258,83,sit
1817,341,266,75,sit
1818,333,258,75,sit
1819,325,258,67,sit
1820,325,258,67,sit
1821,325,258,67,sit
1822,325,258,67,sit
1823,325,250,75,sit
1824,325,250,75,sit
1825,325,250,75,sit
1826,325,250,75,sit
1827,333,258,75,sit
1828,325,258,67,sit
1829,325,266,59,sit
1830,325,266,59,sit
1831,333,266,67,sit
1832,333,266,67,sit
1833,325,258,67,sit
1834,333,258,75,sit
1835,333,250,83,sit
1836,333,250,83,sit
1837,325,250,75,sit
1838,325,258,67,sit
1839,325,258,67,sit
1840,325,258,67,sit
1841,325,250,75,sit
1842,333,258,75,sit
1843,333,258,75,sit
1844,333,266,67,sit
1845,325,258,67,sit
1846,325,258,67,sit
1847,325,250,75,sit
1848,333,258,75,sit
1849,341,258,83,sit
1850,341,266,75,sit
1851,341,266,75,sit
1852,333,266,67,sit
1853,333,266,67,sit
1854,325,258,67,sit
1855,325,258,67,sit
1856,325,258,67,sit
1857,325,258,67,sit
1858,325,258,67,sit
1859,325,258,67,sit
1860,333,266,67,sit
1861,341,266,75,sit
1862,341,266,75,sit
1863,333,258,75,sit
1864,325,258,67,sit
1865,325,258,67,sit
1866,325,258,67,sit
1867,325,258,67,sit
1868,325,250,75,sit
1869,333,258,75,sit
1870,333,258,75,sit
1871,333,258,75,sit
1872,333,258,75,sit
1873,333,258,75,sit
1874,333,266,67,sit
1875,333,266,67,sit
1876,325,266,59,sit
1877,325,266,59,sit
1878,317,258,59,sit
1879,325,258,67,sit
1880,325,258,67,sit
1881,325,258,67,sit
1882,325,258,67,sit
1883,325,258,67,sit
1884,325,258,67,sit
1885,325,258,67,sit
1886,325,258,67,sit
1887,325,258,67,sit
1888,325,258,67,sit
1889,325,258,67,sit
1890,325,258,67,sit
1891,325,258,67,sit
1892,325,250,75,sit
1893,333,258,75,sit
1894,333,258,75,sit
1895,333,266,67,sit
1896,325,258,67,sit
1897,325,258,67,sit
1898,325,258,67,sit
1899,325,258,67,sit
1900,325,258,67,sit
1901,325,258,67,sit
1902,333,266,67,sit
1903,325,266,59,sit
1904,325,266,59,sit
1905,317,258,59,sit
1906,325,258,67,sit
1907,325,250,75,sit
1908,325,250,75,sit
1909,325,250,75,sit
1910,325,258,67,sit
1911,325,258,67,sit
1912,325,258,67,sit
1913,325,258,67,sit
1914,325,258,67,sit
1915,325,258,67,sit
1916,325,258,67,sit
1917,317,250,67,sit
1918,317,250,67,sit
1919,317,242,75,sit
1920,333,258,75,sit
1921,333,258,75,sit
1922,333,266,67,sit
1923,325,258,67,sit
1924,317,258,59,sit
1925,317,258,59,sit
1926,317,258,59,sit
1927,317,258,59,sit
1928,317,250,67,sit
1929,317,250,67,sit
1930,333,250,83,sit
1931,333,258,75,sit
1932,333,258,75,sit
1933,325,258,67,sit
1934,325,250,75,sit
1935,325,250,75,sit
1936,325,250,75,sit
1937,325,258,67,sit
1938,325,258,67,sit
1939,325,258,67,sit
1940,325,258,67,sit
1941,325,258,67,sit
1942,325,258,67,sit
1943,325,250,75,sit
1944,325,250,75,sit
1945,333,250,83,sit
1946,333,258,75,sit
1947,333,258,75,sit
1948,325,258,67,sit
1949,325,258,67,sit
1950,325,258,67,sit
1951,325,258,67,sit
1952,325,250,75,sit
1953,333,258,75,sit
1954,333,258,75,sit
1955,333,258,75,sit
1956,325,250,75,sit
1957,333,250,83,sit
1958,333,250,83,sit
1959,341,258,83,sit
1960,325,258,67,sit
1961,325,266,59,sit
1962,317,258,59,sit
1963,325,258,67,sit
1964,325,250,75,sit
1965,325,250,75,sit_stand
1966,317,250,67,sit_stand
1967,317,258,59,sit_stand
1968,317,258,59,sit_stand
1969,325,258,67,sit_stand
1970,325,258,67,sit_stand
1971,325,258,67,sit_stand
1972,325,258,67,sit_stand
1973,325,250,75,sit_stand
1974,317,242,75,sit_stand
1975,317,242,75,sit_stand
1976,317,242,75,sit_stand
1977,317,242,75,sit_stand
1978,309,242,67,sit_stand
1979,309,234,75,sit_stand
1980,300,225,75,sit_stand
1981,308,225,83,sit_stand
1982,308,233,75,sit_stand
1983,317,242,75,sit_stand
1984,317,242,75,sit_stand
1985,317,242,75,sit_stand
1986,308,233,75,sit_stand
1987,308,233,75,sit_stand
1988,308,233,75,sit_stand
1989,317,242,75,sit_stand
1990,317,242,75,sit_stand
1991,317,234,83,sit_stand
1992,317,234,83,sit_stand
1993,317,234,83,sit_stand
1994,317,234,83,sit_stand
1995,308,225,83,sit_stand
1996,308,225,83,sit_stand
1997,308,216,92,sit_stand
1998,317,225,92,sit_stand
1999,317,225,92,sit_stand
2000,317,242,75,sit_stand
2001,317,242,75,sit_stand
2002,317,242,75,sit_stand
2003,317,225,92,sit_stand
2004,325,233,92,sit_stand
2005,325,233,92,sit_stand
2006,325,242,83,sit_stand
2007,325,242,83,sit_stand
2008,325,242,83,sit_stand
2009,325,225,100,sit_stand
2010,325,225,100,sit_stand
2011,325,225,100,sit_stand
2012,325,233,92,sit_stand
2013,333,241,92,sit_stand
2014,333,241,92,sit_stand
2015,333,233,100,sit_stand
2016,333,233,100,sit_stand
2017,333,233,100,sit_stand
2018,333,241,92,sit_stand
2019,350,258,92,sit_stand
2020,350,258,92,sit_stand
2021,350,242,108,sit_stand
2022,350,242,108,sit_stand
2023,350,242,108,sit_stand
2024,350,250,100,sit_stand
2025,358,258,100,sit_stand
2026,358,258,100,sit_stand
2027,358,258,100,sit_stand
2028,367,267,100,sit_stand
2029,367,267,100,sit_stand
2030,367,259,108,sit_stand
2031,375,267,108,sit_stand
2032,375,267,108,sit_stand
2033,375,267,108,sit_stand
2034,375,267,108,sit_stand
2035,375,267,108,sit_stand
2036,375,267,108,sit_stand
2037,375,267,108,sit_stand
2038,375,267,108,sit_stand
2039,375,258,117,sit_stand
2040,375,258,117,sit_stand
2041,375,258,117,sit_stand
2042,375,258,117,sit_stand
2043,375,258,117,sit_stand
2044,383,258,125,sit_stand
2045,383,258,125,sit_stand
2046,383,258,125,sit_stand
2047,367,258,109,sit_stand
2048,367,258,109,sit_stand
2049,375,266,109,sit_stand
2050,383,266,117,sit_stand
2051,383,275,108,sit_stand
2052,375,267,108,stand
2053,375,267,108,stand
2054,375,258,117,stand
2055,375,258,117,stand
2056,375,258,117,stand
2057,375,267,108,stand
2058,375,267,108,stand
2059,383,267,116,stand
2060,383,258,125,stand
2061,391,266,125,stand
2062,383,266,117,stand
2063,383,266,117,stand
2064,375,258,117,stand
2065,375,258,117,stand
2066,375,258,117,stand
2067,375,258,117,stand
2068,375,258,117,stand
2069,375,258,117,stand
2070,375,258,117,stand
2071,375,258,117,stand
2072,375,258,117,stand
2073,383,266,117,stand
2074,383,266,117,stand
2075,383,266,117,stand
2076,375,258,117,stand
2077,375,258,117,stand
2078,375,267,108,stand
2079,375,267,108,stand
2080,375,267,108,stand
2081,375,258,117,stand
2082,383,266,117,stand
2083,383,266,117,stand
2084,383,275,108,stand
2085,375,267,108,stand
2086,375,267,108,stand
2087,375,258,117,stand
2088,375,258,117,stand
2089,383,258,125,stand
2090,383,258,125,stand
2091,383,258,125,stand
2092,375,258,117,stand
2093,375,267,108,stand
2094,383,275,108,stand
2095,383,275,108,stand
2096,383,266,117,stand
2097,375,258,117,stand
2098,375,258,117,stand
2099,375,258,117,stand
2100,375,258,117,stand
2101,375,258,117,stand
2102,375,267,108,stand
2103,375,267,108,stand
2104,375,267,108,stand
2105,375,267,108,stand
2106,383,275,108,stand
2107,383,275,108,stand
2108,383,266,117,stand
2109,383,266,117,stand
2110,383,266,117,stand
2111,383,266,117,stand
2112,375,258,117,stand
2113,367,258,109,stand
2114,367,258,109,stand
2115,367,258,109,stand
2116,375,258,117,stand
2117,375,267,108,stand
2118,383,275,108,stand
2119,383,275,108,stand
2120,383,275,108,stand
2121,375,267,108,stand
2122,375,267,108,stand
2123,375,267,108,stand
2124,383,275,108,stand
2125,375,275,100,stand
2126,375,266,109,stand
2127,367,258,109,stand
2128,375,258,117,stand
2129,375,258,117,stand
2130,375,258,117,stand
2131,383,258,125,stand
2132,383,267,116,stand
2133,383,267,116,stand
2134,375,267,108,stand
2135,375,258,117,stand
2136,375,258,117,stand
2137,375,258,117,stand
2138,375,258,117,stand
2139,375,258,117,stand
2140,383,258,125,stand
2141,383,267,116,stand
2142,383,267,116,stand
2143,367,267,100,stand
2144,367,267,100,stand
2145,367,267,100,stand
2146,375,267,108,stand
2147,375,258,117,stand
2148,383,266,117,stand
2149,383,266,117,stand
2150,383,266,117,stand
2151,375,258,117,stand
2152,375,258,117,stand
2153,375,258,117,stand
2154,375,258,117,stand
2155,375,258,117,stand
2156,375,267,108,stand
2157,383,275,108,stand
2158,383,275,108,stand
2159,383,275,108,stand
2160,383,275,108,stand
2161,383,275,108,stand
2162,383,275,108,stand
2163,375,267,108,stand
2164,375,267,108,stand
2165,375,267,108,stand
2166,383,275,108,stand
2167,391,275,116,stand
2168,391,275,116,stand
2169,383,267,116,stand
2170,375,267,108,stand
2171,375,258,117,stand
2172,383,266,117,stand
2173,391,266,125,stand
2174,391,275,116,stand
2175,391,275,116,stand
2176,383,275,108,stand
2177,383,266,117,stand
2178,383,266,117,stand
2179,375,266,109,stand
2180,375,266,109,stand
2181,375,266,109,stand
2182,391,266,125,stand
2183,391,266,125,stand
2184,383,258,125,stand
2185,375,258,117,stand
2186,375,267,108,stand
2187,383,275,108,stand
2188,383,275,108,stand
2189,383,275,108,stand
2190,375,267,108,stand
2191,375,267,108,stand
2192,375,258,117,stand
2193,375,258,117,stand
2194,375,258,117,stand
2195,375,267,108,stand
2196,375,267,108,stand
2197,375,267,108,stand
2198,375,267,108,stand
2199,383,275,108,stand
2200,383,275,108,stand
2201,383,266,117,stand
2202,375,258,117,stand
2203,375,258,117,stand
2204,375,267,108,stand
2205,375,267,108,stand
2206,375,267,108,stand
2207,375,267,108,stand
2208,375,267,108,stand
2209,375,267,108,stand
2210,375,267,108,stand
2211,375,267,108,stand
2212,367,267,100,stand
2213,367,267,100,stand
2214,367,267,100,stand
2215,375,267,108,stand
2216,375,267,108,stand
2217,375,267,108,stand
2218,375,267,108,stand
2219,375,267,108,stand
2220,375,267,108,stand
2221,375,267,108,stand
2222,375,258,117,stand
2223,375,258,117,stand
2224,375,258,117,stand
2225,375,267,108,stand
2226,375,267,108,stand
2227,375,267,108,stand
2228,375,267,108,stand
2229,375,267,108,stand
2230,367,267,100,stand
2231,367,258,109,stand
2232,367,258,109,stand
2233,367,258,109,stand
2234,367,258,109,stand
2235,367,258,109,stand
2236,375,258,117,stand
2237,375,267,108,stand
2238,383,275,108,stand
2239,383,275,108,stand
2240,383,266,117,stand
2241,383,266,117,stand
2242,391,266,125,stand
2243,391,266,125,stand
2244,383,258,125,stand
2245,383,258,125,stand
2246,383,267,116,stand
2247,383,267,116,stand
2248,375,267,108,stand
2249,375,267,108,stand
2250,375,267,108,stand
2251,367,267,100,stand
2252,367,267,100,stand
2253,367,267,100,stand
2254,383,267,116,stand
2255,383,267,116,stand
2256,383,267,116,stand
2257,375,267,108,stand
2258,375,258,117,stand
2259,375,258,117,stand
2260,375,258,117,stand
2261,375,267,108,stand
2262,383,275,108,stand
2263,391,275,116,stand
2264,391,266,125,stand
2265,383,258,125,stand
2266,375,258,117,stand
2267,375,267,108,stand
2268,383,275,108,stand
2269,383,275,108,stand
2270,383,275,108,stand
2271,383,275,108,stand
2272,383,275,108,stand
2273,383,275,108,stand
2274,383,275,108,stand
2275,383,275,108,stand
2276,383,266,117,stand
2277,375,258,117,stand
2278,375,258,117,stand
2279,375,258,117,stand
2280,375,258,117,stand
2281,383,258,125,stand
2282,383,258,125,stand
2283,391,266,125,stand
2284,383,266,117,stand
2285,383,275,108,stand
2286,375,267,108,stand
2287,383,267,116,stand
2288,383,267,116,stand
2289,391,275,116,stand
2290,391,275,116,stand
2291,391,275,116,stand
2292,383,267,116,stand
2293,375,267,108,stand
2294,375,267,108,stand
2295,383,275,108,stand
2296,383,275,108,stand
2297,383,275,108,stand
2298,367,259,108,stand
2299,367,259,108,stand
2300,367,259,108,stand
2301,375,267,108,stand
2302,375,267,108,stand
2303,375,267,108,stand
2304,392,284,108,stand
2305,392,284,108,stand
2306,392,284,108,stand
2307,383,275,108,stand
2308,383,275,108,stand
2309,383,275,108,stand
2310,383,275,108,stand
2311,391,275,116,stand
2312,391,275,116,stand
2313,391,275,116,stand
2314,383,275,108,stand
2315,383,275,108,stand
2316,375,267,108,stand
2317,383,267,116,stand
2318,383,267,116,stand
2319,383,267,116,stand
2320,375,267,108,stand
2321,375,267,108,stand
2322,383,275,108,stand
2323,383,275,108,stand
2324,383,275,108,stand
2325,375,267,108,stand
2326,375,267,108,stand
2327,375,258,117,stand
2328,375,258,117,stand
2329,383,258,125,stand
2330,383,267,116,stand
2331,391,275,116,stand
2332,383,275,108,stand
2333,383,275,108,stand
2334,375,267,108,stand
2335,375,267,108,stand
2336,375,267,108,stand
2337,375,267,108,stand
2338,375,267,108,stand
2339,375,258,117,stand
2340,383,266,117,stand
2341,391,266,125,stand
2342,391,266,125,stand
2343,383,258,125,stand
2344,375,258,117,stand
2345,375,267,108,stand
2346,375,267,108,stand
2347,375,267,108,stand
2348,375,267,108,stand
2349,375,267,108,stand
2350,383,267,116,stand
2351,383,258,125,stand
2352,391,266,125,stand
2353,391,266,125,stand
2354,391,275,116,stand
2355,383,267,116,stand
2356,375,267,108,stand
2357,375,267,108,stand
2358,375,267,108,stand
2359,375,267,108,stand
2360,375,258,117,stand
2361,375,258,117,stand
2362,375,258,117,stand
2363,375,267,108,stand
2364,375,267,108,stand
2365,375,267,108,stand
2366,375,258,117,stand
2367,375,258,117,stand
2368,383,258,125,stand
2369,383,267,116,stand
2370,383,267,116,stand
2371,375,267,108,stand
2372,375,258,117,stand
2373,375,258,117,stand
2374,383,258,125,stand
2375,383,258,125,stand
2376,383,258,125,stand
2377,375,258,117,stand
2378,375,258,117,stand
2379,383,266,117,stand
2380,383,266,117,stand
2381,383,266,117,stand
2382,375,258,117,stand
2383,367,258,109,stand
2384,367,267,100,stand
2385,367,267,100,stand
2386,375,267,108,stand
2387,375,258,117,stand
2388,383,266,117,stand
2389,383,266,117,stand
2390,383,275,108,stand
2391,367,259,108,stand
2392,375,259,116,stand
2393,375,259,116,stand
2394,383,267,116,stand
2395,375,267,108,stand
2396,375,258,117,stand
2397,383,266,117,stand
2398,383,266,117,stand
2399,383,275,108,stand
2400,367,259,108,stand
2401,367,259,108,stand
2402,367,250,117,stand
2403,375,258,117,stand
2404,375,258,117,stand
2405,375,258,117,stand
2406,375,258,117,stand
2407,375,258,117,stand
2408,375,258,117,stand
2409,375,258,117,stand
2410,383,258,125,stand
2411,383,258,125,stand
2412,383,258,125,stand
2413,383,258,125,stand
2414,383,267,116,stand
2415,383,267,116,stand
2416,375,267,108,stand
2417,375,267,108,stand
2418,383,275,108,stand
2419,383,275,108,stand
2420,383,266,117,stand
2421,383,266,117,stand
2422,383,266,117,stand
2423,383,275,108,stand
2424,383,275,108,stand
2425,383,275,108,stand
2426,383,266,117,stand
2427,383,266,117,stand
2428,383,266,117,stand
2429,383,275,108,stand
2430,383,275,108,stand
2431,383,275,108,stand
2432,383,266,117,stand
2433,383,266,117,stand
2434,383,266,117,stand
2435,383,266,117,stand
2436,375,258,117,stand
2437,375,258,117,stand
2438,375,267,108,stand
2439,375,267,108,stand
2440,375,267,108,stand
2441,375,258,117,stand
2442,367,250,117,stand
2443,367,250,117,stand
2444,367,250,117,stand
2445,375,258,117,stand
2446,375,258,117,stand
2447,375,258,117,stand
2448,375,258,117,stand
2449,375,258,117,stand
2450,375,258,117,stand
2451,375,258,117,stand
2452,375,258,117,stand
2453,375,258,117,stand
2454,375,258,117,stand
2455,375,258,117,stand
2456,375,258,117,stand
2457,375,258,117,stand
2458,375,258,117,stand
2459,375,267,108,stand
2460,375,267,108,stand
2461,375,267,108,stand
2462,375,267,108,stand
2463,375,267,108,stand
2464,375,267,108,stand
2465,375,258,117,stand
2466,367,250,117,stand
2467,367,250,117,stand
2468,367,259,108,stand
2469,375,267,108,stand
2470,375,267,108,stand
2471,375,258,117,stand
2472,375,258,117,stand
2473,375,258,117,stand
2474,375,250,125,stand
2475,375,250,125,stand
2476,383,250,133,stand
2477,383,258,125,stand
2478,375,250,125,stand
2479,375,250,125,stand
2480,375,259,116,stand
2481,383,267,116,stand
2482,375,267,108,stand
2483,375,258,117,stand
2484,375,258,117,stand
2485,383,258,125,stand
2486,383,258,125,stand
2487,383,258,125,stand
2488,375,258,117,stand
2489,375,267,108,stand
2490,383,275,108,stand
2491,391,275,116,stand
2492,391,266,125,stand
2493,383,258,125,stand
2494,375,258,117,stand
2495,375,267,108,stand
2496,375,267,108,stand
2497,383,267,116,stand
2498,383,258,125,stand
2499,383,258,125,stand
2500,375,258,117,stand
2501,375,258,117,stand
2502,375,258,117,stand
2503,383,258,125,stand
2504,383,258,125,stand
2505,383,258,125,stand
2506,375,258,117,stand
2507,375,267,108,stand
2508,367,259,108,stand
2509,367,259,108,stand
2510,367,259,108,stand
2511,367,259,108,stand
2512,367,259,108,stand
2513,367,250,117,stand
2514,375,258,117,stand
2515,367,258,109,stand
2516,367,258,109,stand
2517,367,258,109,stand
2518,367,258,109,stand
2519,367,267,100,stand
2520,359,259,100,stand
2521,350,259,91,stand
2522,350,250,100,stand
2523,350,250,100,stand
2524,359,250,109,stand
2525,359,250,109,stand
2526,359,250,109,stand
2527,367,250,117,stand
2528,367,250,117,stand
2529,367,250,117,stand
2530,367,250,117,stand
2531,367,250,117,stand
2532,367,250,117,stand
2533,359,250,109,stand
2534,359,242,117,stand
2535,367,250,117,stand
2536,367,250,117,stand
2537,367,258,109,stand
2538,367,258,109,stand
2539,367,258,109,stand
2540,367,258,109,stand
2541,367,258,109,stand
2542,375,258,117,stand
2543,375,258,117,stand
2544,375,258,117,stand
2545,375,258,117,stand
2546,375,258,117,stand
2547,375,258,117,stand
2548,367,258,109,stand
2549,367,258,109,stand
2550,375,266,109,stand
2551,383,266,117,stand
2552,383,266,117,stand
2553,375,258,117,stand
2554,375,258,117,stand
2555,375,258,117,stand
2556,367,250,117,stand
2557,367,250,117,stand
2558,367,250,117,stand
2559,375,258,117,stand
2560,375,258,117,stand
2561,375,258,117,stand
2562,375,258,117,stand
2563,375,258,117,stand
2564,375,250,125,stand
2565,375,250,125,stand
2566,375,250,125,stand
2567,375,258,117,stand
2568,375,258,117,stand
2569,375,258,117,stand
2570,375,258,117,stand
2571,375,258,117,stand
2572,375,258,117,stand
2573,375,258,117,stand
2574,367,250,117,stand
2575,367,250,117,stand
2576,367,250,117,stand
2577,367,250,117,stand
2578,367,250,117,stand
2579,367,250,117,stand
2580,375,258,117,stand
2581,375,258,117,stand
2582,375,267,108,stand
2583,375,267,108,stand
2584,383,267,116,stand
2585,383,258,125,stand
2586,383,258,125,stand
2587,367,258,109,stand
2588,367,258,109,stand
2589,367,258,109,stand
2590,367,258,109,stand
2591,367,267,100,stand
2592,359,259,100,stand
2593,367,259,108,stand
2594,367,250,117,stand
2595,375,258,117,stand
2596,375,258,117,stand
2597,375,258,117,stand
2598,367,250,117,stand
2599,367,250,117,stand
2600,367,250,117,stand
2601,375,258,117,stand
2602,375,258,117,stand
2603,375,258,117,stand
2604,375,258,117,stand
2605,375,258,117,stand
2606,375,258,117,stand
2607,375,258,117,stand
2608,367,258,109,stand
2609,367,258,109,stand
2610,359,250,109,stand
2611,367,250,117,stand
2612,367,250,117,stand
2613,375,258,117,stand
2614,375,258,117,stand
2615,375,258,117,stand
2616,375,258,117,stand
2617,375,258,117,stand
2618,375,258,117,stand
2619,375,258,117,stand
2620,367,258,109,stand
2621,367,258,109,stand
2622,367,258,109,stand
2623,375,258,117,stand
2624,375,258,117,stand
2625,375,258,117,stand
2626,367,258,109,stand
2627,367,267,100,stand
2628,367,267,100,stand
2629,367,267,100,stand
2630,367,258,109,stand
2631,359,250,109,stand
2632,367,250,117,stand
2633,367,259,108,stand
2634,375,267,108,stand
2635,375,267,108,stand
2636,375,267,108,stand
2637,375,267,108,stand
2638,367,267,100,stand
2639,367,258,109,stand
2640,367,258,109,stand
2641,367,258,109,stand
2642,367,258,109,stand
2643,367,258,109,stand
2644,383,258,125,stand
2645,383,258,125,stand
2646,375,250,125,stand
2647,367,250,117,stand
2648,367,259,108,stand
2649,375,267,108,stand
2650,375,267,108,stand
2651,375,258,117,stand
2652,375,258,117,stand
2653,375,258,117,stand
2654,375,258,117,stand
2655,375,258,117,stand
2656,375,258,117,stand
2657,375,258,117,stand
2658,375,258,117,stand
2659,367,258,109,stand
2660,367,258,109,stand
2661,367,258,109,stand
2662,367,258,109,stand
2663,367,250,117,stand
2664,367,250,117,stand
2665,375,250,125,stand
2666,375,258,117,stand
2667,375,258,117,stand
2668,375,258,117,stand
2669,375,267,108,stand
2670,383,275,108,stand
2671,383,275,108,stand
2672,383,266,117,stand
2673,375,258,117,stand
2674,367,258,109,stand
2675,367,258,109,stand
2676,367,258,109,stand
2677,375,258,117,stand
2678,375,250,125,stand
2679,375,250,125,stand
2680,375,250,125,stand
2681,375,258,117,stand
2682,383,266,117,stand
2683,383,266,117,stand
2684,383,266,117,stand
2685,375,258,117,stand
2686,375,258,117,stand
2687,375,258,117,stand
2688,375,258,117,stand
2689,375,258,117,stand
2690,375,267,108,stand
2691,367,259,108,stand
2692,367,259,108,stand
2693,367,250,117,stand
2694,375,258,117,stand
2695,367,258,109,stand
2696,367,258,109,stand
2697,375,266,109,stand
2698,383,266,117,stand
2699,383,266,117,stand
2700,375,258,117,stand
2701,367,258,109,stand
2702,367,258,109,stand
2703,367,258,109,stand
2704,375,258,117,stand
2705,375,258,117,stand
2706,375,258,117,stand
2707,375,258,117,stand
2708,375,258,117,stand
2709,375,258,117,stand
2710,375,258,117,stand
2711,375,258,117,stand
2712,383,266,117,stand
2713,383,266,117,stand
2714,383,266,117,stand
2715,375,258,117,stand
2716,367,258,109,stand
2717,367,258,109,stand
2718,367,258,109,stand
2719,375,258,117,stand
2720,375,258,117,stand
2721,375,258,117,stand
2722,367,258,109,stand
2723,367,267,100,stand
2724,367,267,100,stand
2725,375,267,108,stand
2726,375,258,117,stand
2727,375,258,117,stand
2728,375,258,117,stand
2729,375,258,117,stand
2730,367,250,117,stand
2731,367,250,117,stand
2732,367,250,117,stand
2733,375,258,117,stand
2734,375,258,117,stand
2735,375,267,108,stand
2736,375,267,108,stand
2737,375,267,108,stand
2738,375,267,108,stand
2739,367,259,108,stand
2740,367,259,108,stand
2741,367,250,117,stand
2742,367,250,117,stand
2743,367,250,117,stand
2744,367,250,117,stand
2745,358,241,117,stand_lay
2746,358,241,117,stand_lay
2747,358,250,108,stand_lay
2748,367,259,108,stand_lay
2749,367,259,108,stand_lay
2750,367,250,117,stand_lay
2751,358,241,117,stand_lay
2752,366,241,125,stand_lay
2753,366,250,116,stand_lay
2754,358,242,116,stand_lay
2755,350,242,108,stand_lay
2756,350,242,108,stand_lay
2757,342,234,108,stand_lay
2758,342,234,108,stand_lay
2759,342,234,108,stand_lay
2760,342,234,108,stand_lay
2761,342,234,108,stand_lay
2762,342,234,108,stand_lay
2763,325,217,108,stand_lay
2764,317,217,100,stand_lay
2765,317,225,92,stand_lay
2766,317,225,92,stand_lay
2767,317,225,92,stand_lay
2768,317,217,100,stand_lay
2769,317,217,100,stand_lay
2770,325,217,108,stand_lay
2771,325,225,100,stand_lay
2772,317,217,100,stand_lay
2773,317,217,100,stand_lay
2774,317,217,100,stand_lay
2775,308,208,100,stand_lay
2776,300,208,92,stand_lay
2777,300,216,84,stand_lay
2778,300,216,84,stand_lay
2779,300,216,84,stand_lay
2780,300,216,84,stand_lay
2781,300,216,84,stand_lay
2782,300,216,84,stand_lay
2783,300,216,84,stand_lay
2784,292,208,84,stand_lay
2785,300,208,92,stand_lay
2786,300,208,92,stand_lay
2787,300,208,92,stand_lay
2788,300,208,92,stand_lay
2789,300,208,92,stand_lay
2790,300,208,92,stand_lay
2791,300,208,92,stand_lay
2792,300,217,83,stand_lay
2793,292,209,83,stand_lay
2794,292,209,83,stand_lay
2795,292,209,83,stand_lay
2796,292,209,83,stand_lay
2797,284,209,75,stand_lay
2798,284,209,75,stand_lay
2799,292,217,75,stand_lay
2800,300,217,83,stand_lay
2801,300,225,75,stand_lay
2802,283,208,75,stand_lay
2803,283,208,75,stand_lay
2804,283,208,75,stand_lay
2805,292,217,75,stand_lay
2806,284,217,67,stand_lay
2807,284,217,67,stand_lay
2808,275,208,67,stand_lay
2809,283,208,75,stand_lay
2810,283,216,67,stand_lay
2811,283,216,67,stand_lay
2812,283,216,67,stand_lay
2813,283,216,67,stand_lay
2814,283,216,67,stand_lay
2815,283,216,67,stand_lay
2816,283,225,58,stand_lay
2817,275,217,58,stand_lay
2818,267,217,50,stand_lay
2819,267,217,50,stand_lay
2820,275,225,50,stand_lay
2821,283,225,58,stand_lay
2822,283,233,50,stand_lay
2823,292,242,50,stand_lay
2824,292,242,50,stand_lay
2825,292,250,42,stand_lay
2826,292,250,42,stand_lay
2827,284,250,34,stand_lay
2828,284,242,42,stand_lay
2829,275,233,42,stand_lay
2830,275,233,42,stand_lay
2831,275,241,34,stand_lay
2832,275,241,34,stand_lay
2833,283,241,42,stand_lay
2834,283,250,33,stand_lay
2835,292,259,33,stand_lay
2836,284,259,25,stand_lay
2837,284,250,34,stand_lay
2838,275,241,34,stand_lay
2839,283,241,42,stand_lay
2840,283,241,42,stand_lay
2841,283,241,42,stand_lay
2842,275,241,34,stand_lay
2843,275,258,17,stand_lay
2844,267,250,17,stand_lay
2845,267,250,17,stand_lay
2846,267,250,17,stand_lay
2847,275,258,17,stand_lay
2848,275,258,17,stand_lay
2849,275,258,17,stand_lay
2850,275,258,17,stand_lay
2851,283,258,25,stand_lay
2852,283,250,33,stand_lay
2853,283,250,33,stand_lay
2854,283,250,33,stand_lay
2855,283,250,33,stand_lay
2856,275,242,33,stand_lay
2857,267,242,25,stand_lay
2858,267,242,25,stand_lay
2859,275,250,25,stand_lay
2860,275,250,25,stand_lay
2861,275,258,17,stand_lay
2862,267,250,17,stand_lay
2863,275,250,25,stand_lay
2864,275,250,25,stand_lay
2865,275,250,25,stand_lay
2866,267,250,17,stand_lay
2867,267,250,17,stand_lay
2868,267,250,17,stand_lay
2869,267,250,17,stand_lay
2870,267,250,17,stand_lay
2871,259,242,17,stand_lay
2872,259,242,17,stand_lay
2873,259,242,17,stand_lay
2874,275,258,17,stand_lay
2875,266,258,8,stand_lay
2876,266,258,8,stand_lay
2877,258,250,8,stand_lay
2878,258,250,8,stand_lay
2879,258,250,8,stand_lay
2880,258,250,8,stand_lay
2881,258,250,8,stand_lay
2882,258,250,8,stand_lay
2883,258,250,8,stand_lay
2884,250,250,0,stand_lay
2885,250,250,0,stand_lay
2886,250,250,0,stand_lay
2887,250,250,0,stand_lay
2888,250,258,-8,stand_lay
2889,250,258,-8,stand_lay
2890,242,258,-16,stand_lay
2891,242,250,-8,stand_lay
2892,242,250,-8,stand_lay
2893,250,250,0,stand_lay
2894,250,250,0,stand_lay
2895,250,250,0,stand_lay
2896,250,250,0,stand_lay
2897,250,250,0,stand_lay
2898,242,242,0,stand_lay
2899,234,242,-8,stand_lay
2900,234,242,-8,stand_lay
2901,234,242,-8,stand_lay
2902,234,242,-8,stand_lay
2903,234,242,-8,stand_lay
2904,234,242,-8,stand_lay
2905,234,242,-8,stand_lay
2906,234,242,-8,stand_lay
2907,234,242,-8,stand_lay
2908,234,242,-8,stand_lay
2909,234,250,-16,stand_lay
2910,217,233,-16,stand_lay
2911,225,233,-8,stand_lay
2912,225,233,-8,stand_lay
2913,233,241,-8,stand_lay
2914,233,241,-8,stand_lay
2915,233,241,-8,stand_lay
2916,233,241,-8,stand_lay
2917,233,241,-8,stand_lay
2918,233,233,0,stand_lay
2919,225,225,0,stand_lay
2920,225,225,0,stand_lay
2921,225,233,-8,stand_lay
2922,225,233,-8,stand_lay
2923,233,233,0,stand_lay
2924,233,233,0,stand_lay
2925,233,233,0,stand_lay
2926,225,233,-8,stand_lay
2927,225,233,-8,stand_lay
2928,217,225,-8,stand_lay
2929,217,225,-8,stand_lay
2930,217,217,0,stand_lay
2931,225,225,0,stand_lay
2932,233,225,8,stand_lay
2933,233,225,8,stand_lay
2934,225,217,8,stand_lay
2935,225,217,8,stand_lay
2936,225,225,0,stand_lay
2937,225,225,0,stand_lay
2938,225,225,0,stand_lay
2939,225,217,8,stand_lay
2940,225,217,8,stand_lay
2941,217,217,0,stand_lay
2942,217,225,-8,stand_lay
2943,225,233,-8,stand_lay
2944,225,233,-8,stand_lay
2945,225,233,-8,stand_lay
2946,217,225,-8,stand_lay
2947,217,225,-8,stand_lay
2948,217,217,0,stand_lay
2949,217,217,0,stand_lay
2950,217,217,0,stand_lay
2951,217,217,0,stand_lay
2952,217,217,0,stand_lay
2953,217,217,0,stand_lay
2954,217,225,-8,stand_lay
2955,217,225,-8,stand_lay
2956,225,225,0,stand_lay
2957,225,225,0,stand_lay
2958,225,225,0,stand_lay
2959,217,225,-8,stand_lay
2960,217,217,0,stand_lay
2961,217,217,0,stand_lay
2962,217,217,0,stand_lay
2963,217,217,0,stand_lay
2964,208,208,0,stand_lay
2965,216,208,8,stand_lay
2966,216,216,0,stand_lay
2967,225,225,0,stand_lay
2968,225,225,0,stand_lay
2969,225,217,8,stand_lay
2970,216,208,8,stand_lay
2971,208,208,0,stand_lay
2972,208,208,0,stand_lay
2973,200,200,0,stand_lay
2974,200,200,0,stand_lay
2975,200,208,-8,stand_lay
2976,208,216,-8,stand_lay
2977,208,216,-8,stand_lay
2978,208,208,0,stand_lay
2979,208,208,0,stand_lay
2980,216,208,8,stand_lay
2981,216,208,8,lay
2982,216,208,8,lay
2983,216,208,8,lay
2984,216,208,8,lay
2985,208,200,8,lay
2986,208,200,8,lay
2987,208,200,8,lay
2988,216,208,8,lay
2989,216,208,8,lay
2990,216,208,8,lay
2991,208,200,8,lay
2992,200,200,0,lay
2993,200,200,0,lay
2994,200,200,0,lay
2995,200,200,0,lay
2996,200,200,0,lay
2997,200,200,0,lay
2998,192,200,-8,lay
2999,192,208,-16,lay
3000,200,216,-16,lay
3001,208,216,-8,lay
3002,208,208,0,lay
3003,200,200,0,lay
3004,200,200,0,lay
3005,200,208,-8,lay
3006,208,216,-8,lay
3007,216,216,0,lay
3008,216,216,0,lay
3009,208,208,0,lay
3010,200,208,-8,lay
3011,200,200,0,lay
3012,200,200,0,lay
3013,208,200,8,lay
3014,208,200,8,lay
3015,208,200,8,lay
3016,200,200,0,lay
3017,200,200,0,lay
3018,208,208,0,lay
3019,216,208,8,lay
3020,216,208,8,lay
3021,208,200,8,lay
3022,192,200,-8,lay
3023,192,208,-16,lay
3024,192,208,-16,lay
3025,200,208,-8,lay
3026,200,200,0,lay
3027,208,208,0,lay
3028,200,208,-8,lay
3029,200,208,-8,lay
3030,192,200,-8,lay
3031,200,200,0,lay
3032,200,192,8,lay
3033,208,200,8,lay
3034,208,200,8,lay
3035,208,208,0,lay
3036,208,208,0,lay
3037,208,208,0,lay
3038,208,216,-8,lay
3039,208,216,-8,lay
3040,208,216,-8,lay
3041,208,208,0,lay
3042,200,200,0,lay
3043,200,200,0,lay
3044,200,200,0,lay
3045,192,192,0,lay
3046,192,192,0,lay
3047,192,192,0,lay
3048,200,200,0,lay
3049,200,200,0,lay
3050,200,208,-8,lay
3051,208,216,-8,lay
3052,208,216,-8,lay
3053,208,208,0,lay
3054,200,200,0,lay
3055,200,200,0,lay
3056,200,200,0,lay
3057,208,208,0,lay
3058,208,208,0,lay
3059,208,208,0,lay
3060,200,200,0,lay
3061,208,200,8,lay
3062,208,200,8,lay
3063,216,208,8,lay
3064,208,208,0,lay
3065,208,208,0,lay
3066,208,208,0,lay
3067,208,208,0,lay
3068,208,208,0,lay
3069,208,208,0,lay
3070,208,208,0,lay
3071,208,208,0,lay
3072,200,200,0,lay
3073,200,200,0,lay
3074,200,200,0,lay
3075,208,208,0,lay
3076,216,208,8,lay
3077,216,208,8,lay
3078,216,208,8,lay
3079,208,208,0,lay
3080,208,208,0,lay
3081,208,208,0,lay
3082,208,208,0,lay
3083,208,208,0,lay
3084,200,200,0,lay
3085,200,200,0,lay
3086,200,200,0,lay
3087,208,208,0,lay
3088,208,208,0,lay
3089,208,200,8,lay
3090,200,192,8,lay
3091,200,192,8,lay
3092,200,200,0,lay
3093,200,200,0,lay
3094,200,200,0,lay
3095,200,200,0,lay
3096,208,208,0,lay
3097,216,208,8,lay
3098,216,208,8,lay
3099,216,208,8,lay
3100,216,208,8,lay
3101,216,208,8,lay
3102,216,208,8,lay
3103,208,208,0,lay
3104,208,216,-8,lay
3105,200,208,-8,lay
3106,200,208,-8,lay
3107,200,208,-8,lay
3108,208,216,-8,lay
3109,208,216,-8,lay
3110,208,208,0,lay
3111,200,200,0,lay
3112,208,200,8,lay
3113,208,200,8,lay
3114,216,208,8,lay
3115,208,208,0,lay
3116,208,208,0,lay
3117,200,200,0,lay
3118,200,200,0,lay
3119,200,200,0,lay
3120,200,200,0,lay
3121,200,200,0,lay
3122,200,208,-8,lay
3123,200,208,-8,lay
3124,208,208,0,lay
3125,208,200,8,lay
3126,216,208,8,lay
3127,208,208,0,lay
3128,208,208,0,lay
3129,208,208,0,lay
3130,208,208,0,lay
3131,208,208,0,lay
3132,200,200,0,lay
3133,200,200,0,lay
3134,200,200,0,lay
3135,200,200,0,lay
3136,200,200,0,lay
3137,200,200,0,lay
3138,200,200,0,lay
3139,200,200,0,lay
3140,200,200,0,lay
3141,200,200,0,lay
3142,200,200,0,lay
3143,200,200,0,lay
3144,200,200,0,lay
3145,200,200,0,lay
3146,200,200,0,lay
3147,200,200,0,lay
3148,208,200,8,lay
3149,208,200,8,lay
3150,208,200,8,lay
3151,208,200,8,lay
3152,208,200,8,lay
3153,208,200,8,lay
3154,200,200,0,lay
3155,200,200,0,lay
3156,200,200,0,lay
3157,208,200,8,lay
3158,208,208,0,lay
3159,208,208,0,lay
3160,200,208,-8,lay
3161,200,200,0,lay
3162,200,200,0,lay
3163,200,200,0,lay
3164,200,200,0,lay
3165,208,208,0,lay
3166,216,208,8,lay
3167,216,208,8,lay
3168,208,200,8,lay
3169,200,200,0,lay
3170,200,192,8,lay
3171,200,192,8,lay
3172,200,192,8,lay
3173,200,200,0,lay
3174,208,208,0,lay
3175,208,208,0,lay
3176,208,216,-8,lay
3177,200,208,-8,lay
3178,208,208,0,lay
3179,208,200,8,lay
3180,208,200,8,lay
3181,208,200,8,lay
3182,208,200,8,lay
3183,216,208,8,lay
3184,208,208,0,lay
3185,208,216,-8,lay
3186,200,208,-8,lay
3187,200,208,-8,lay
3188,200,208,-8,lay
3189,208,216,-8,lay
3190,208,216,-8,lay
3191,208,208,0,lay
3192,208,208,0,lay
3193,208,208,0,lay
3194,208,216,-8,lay
3195,200,208,-8,lay
3196,200,208,-8,lay
3197,200,200,0,lay
3198,200,200,0,lay
3199,208,200,8,lay
3200,208,200,8,lay
3201,208,200,8,lay
3202,208,200,8,lay
3203,208,200,8,lay
3204,216,208,8,lay
3205,208,208,0,lay
3206,208,208,0,lay
3207,200,200,0,lay
3208,200,200,0,lay
3209,200,208,-8,lay
3210,200,208,-8,lay
3211,208,208,0,lay
3212,208,200,8,lay
3213,216,208,8,lay
3214,208,208,0,lay
3215,208,208,0,lay
3216,208,208,0,lay
3217,208,208,0,lay
3218,208,208,0,lay
3219,200,200,0,lay
3220,208,200,8,lay
3221,208,200,8,lay
3222,216,208,8,lay
3223,216,208,8,lay
3224,216,208,8,lay
3225,208,200,8,lay
3226,200,200,0,lay
3227,200,200,0,lay
3228,208,208,0,lay
3229,208,208,0,lay
3230,208,208,0,lay
3231,200,200,0,lay
3232,200,200,0,lay
3233,200,208,-8,lay
3234,200,208,-8,lay
3235,200,208,-8,lay
3236,200,200,0,lay
3237,200,200,0,lay
3238,200,200,0,lay
3239,200,208,-8,lay
3240,200,208,-8,lay
3241,200,208,-8,lay
3242,200,208,-8,lay
3243,208,216,-8,lay
3244,216,216,0,lay
3245,216,208,8,lay
3246,208,200,8,lay
3247,208,200,8,lay
3248,208,200,8,lay
3249,208,200,8,lay
3250,208,200,8,lay
3251,208,200,8,lay
3252,208,200,8,lay
3253,200,200,0,lay
3254,200,200,0,lay
3255,208,208,0,lay
3256,216,208,8,lay
3257,216,208,8,lay
3258,216,208,8,lay
3259,216,208,8,lay
3260,216,208,8,lay
3261,208,200,8,lay
3262,200,200,0,lay
3263,200,200,0,lay
3264,200,200,0,lay
3265,192,200,-8,lay
3266,192,208,-16,lay
3267,192,208,-16,lay
3268,200,208,-8,lay
3269,200,200,0,lay
3270,200,200,0,lay
3271,200,200,0,lay
3272,200,200,0,lay
3273,200,200,0,lay
3274,200,200,0,lay
3275,200,200,0,lay
3276,200,200,0,lay
3277,208,200,8,lay
3278,208,200,8,lay
3279,208,200,8,lay
3280,200,200,0,lay
3281,200,200,0,lay
3282,200,200,0,lay
3283,200,200,0,lay
3284,200,200,0,lay
3285,200,200,0,lay
3286,200,200,0,lay
3287,200,200,0,lay
3288,208,208,0,lay
3289,208,208,0,lay
3290,208,208,0,lay
3291,200,200,0,lay
3292,200,200,0,lay
3293,200,200,0,lay
3294,200,200,0,lay
3295,200,200,0,lay
3296,200,200,0,lay
3297,200,200,0,lay
3298,200,200,0,lay
3299,200,200,0,lay
3300,208,208,0,lay
3301,216,208,8,lay
3302,216,208,8,lay
3303,216,208,8,lay
3304,208,208,0,lay
3305,208,208,0,lay
3306,208,208,0,lay
3307,208,208,0,lay
3308,208,208,0,lay
3309,200,200,0,lay
3310,200,200,0,lay
3311,200,200,0,lay
3312,200,200,0,lay
3313,200,200,0,lay
3314,200,200,0,lay
3315,208,208,0,lay
3316,208,208,0,lay
3317,208,216,-8,lay
3318,200,208,-8,lay
3319,200,208,-8,lay
3320,200,200,0,lay
3321,200,200,0,lay
3322,200,200,0,lay
3323,200,200,0,lay
3324,208,208,0,lay
3325,216,208,8,lay
3326,216,208,8,lay
3327,208,200,8,lay
3328,200,200,0,lay
3329,200,208,-8,lay
3330,200,208,-8,lay
3331,208,208,0,lay
3332,208,200,8,lay
3333,216,208,8,lay
3334,208,208,0,lay
3335,208,216,-8,lay
3336,200,208,-8,lay
3337,208,208,0,lay
3338,208,200,8,lay
3339,208,200,8,lay
3340,208,200,8,lay
3341,208,200,8,lay
3342,216,208,8,lay
3343,216,208,8,lay
3344,216,208,8,lay
3345,216,208,8,lay
3346,208,208,0,lay
3347,208,208,0,lay
3348,200,200,0,lay
3349,208,200,8,lay
3350,208,200,8,lay
3351,208,200,8,lay
3352,200,200,0,lay
3353,200,200,0,lay
3354,200,200,0,lay
3355,200,200,0,lay
3356,200,200,0,lay
3357,208,208,0,lay
3358,208,208,0,lay
3359,208,208,0,lay
3360,208,208,0,lay
3361,208,208,0,lay
3362,208,208,0,lay
3363,200,200,0,lay
3364,208,200,8,lay
3365,208,200,8,lay
3366,208,200,8,lay
3367,200,200,0,lay
3368,200,200,0,lay
3369,200,200,0,lay
3370,200,200,0,lay
3371,200,200,0,lay
3372,200,200,0,lay
3373,200,200,0,lay
3374,200,208,-8,lay
3375,208,216,-8,lay
3376,216,216,0,lay
3377,216,208,8,lay
3378,208,200,8,lay
3379,200,200,0,lay
3380,200,200,0,lay
3381,200,200,0,lay
3382,208,200,8,lay
3383,208,200,8,lay
3384,208,200,8,lay
3385,200,200,0,lay
3386,200,200,0,lay
3387,200,200,0,lay
3388,200,200,0,lay
3389,200,200,0,lay
3390,200,200,0,lay
3391,208,200,8,lay
3392,208,200,8,lay
3393,208,200,8,lay
3394,208,200,8,lay
3395,208,208,0,lay
3396,208,208,0,lay
3397,208,208,0,lay
3398,208,200,8,lay
3399,208,200,8,lay
3400,200,200,0,lay
3401,200,200,0,lay
3402,200,200,0,lay
3403,200,200,0,lay
3404,200,208,-8,lay
3405,200,208,-8,lay
3406,200,208,-8,lay
3407,200,208,-8,lay
3408,200,208,-8,lay
3409,200,208,-8,lay
3410,200,208,-8,lay
3411,208,216,-8,lay
3412,216,216,0,lay
3413,216,208,8,lay
3414,208,200,8,lay
3415,208,200,8,lay
3416,208,200,8,lay
3417,208,200,8,lay
3418,200,200,0,lay
3419,200,208,-8,lay
3420,200,208,-8,lay
3421,200,208,-8,lay
3422,200,200,0,lay
3423,208,208,0,lay
3424,208,208,0,lay
3425,208,208,0,lay
3426,200,200,0,lay
3427,200,200,0,lay
3428,200,200,0,lay
3429,192,192,0,lay
3430,192,192,0,lay
3431,192,200,-8,lay
3432,200,208,-8,lay
3433,200,208,-8,lay
3434,200,208,-8,lay
3435,192,200,-8,lay
3436,192,200,-8,lay
3437,192,192,0,lay
3438,200,200,0,lay
3439,200,200,0,lay
3440,200,200,0,lay
3441,208,208,0,lay
3442,216,208,8,lay
3443,216,208,8,lay
3444,208,200,8,lay
3445,200,200,0,lay
3446,200,200,0,lay
3447,208,208,0,lay
3448,208,208,0,lay
3449,208,208,0,lay
3450,200,200,0,lay
3451,208,200,8,lay
3452,208,208,0,lay
3453,208,208,0,lay
3454,200,208,-8,lay
3455,200,200,0,lay
3456,200,200,0,lay
3457,208,200,8,lay
3458,208,200,8,lay
3459,216,208,8,lay
3460,216,208,8,lay
3461,216,208,8,lay
3462,208,200,8,lay
3463,208,200,8,lay
3464,208,200,8,lay
3465,216,208,8,lay
3466,208,208,0,lay
3467,208,208,0,lay
3468,200,200,0,lay
3469,208,200,8,lay
3470,208,208,0,lay
3471,208,208,0,lay
3472,200,208,-8,lay
3473,200,200,0,lay
3474,192,192,0,lay
3475,200,192,8,lay
3476,200,192,8,lay
3477,208,200,8,lay
3478,200,200,0,lay
3479,200,208,-8,lay
3480,200,208,-8,lay
3481,200,208,-8,lay
3482,200,200,0,lay
3483,200,200,0,lay
3484,208,200,8,lay
3485,208,208,0,lay
3486,216,216,0,lay
3487,208,216,-8,lay
3488,208,208,0,lay
3489,208,208,0,lay
3490,208,208,0,lay
3491,208,216,-8,lay
3492,208,216,-8,lay
3493,208,216,-8,lay
3494,208,216,-8,lay
3495,208,216,-8,lay
3496,208,216,-8,lay
3497,208,200,8,lay
3498,200,192,8,lay
3499,200,192,8,lay
3500,200,200,0,lay
3501,200,200,0,lay
3502,208,200,8,lay
3503,208,200,8,lay
3504,216,208,8,lay
3505,208,208,0,lay
3506,208,208,0,lay
3507,208,208,0,lay
3508,208,208,0,lay
3509,208,208,0,lay
3510,200,200,0,lay
3511,200,200,0,lay
3512,200,200,0,lay
3513,208,208,0,lay
3514,208,208,0,lay
3515,208,208,0,lay
3516,200,200,0,lay
3517,200,200,0,lay
3518,200,200,0,lay
3519,208,208,0,lay
3520,208,208,0,lay
3521,208,208,0,lay
3522,208,208,0,lay
3523,208,208,0,lay
3524,208,208,0,lay
3525,208,208,0,lay
3526,208,208,0,lay
3527,208,208,0,lay
3528,208,208,0,lay
3529,208,208,0,lay
3530,208,208,0,lay
3531,208,208,0,lay
3532,208,208,0,lay
3533,208,208,0,lay
3534,200,200,0,lay
3535,200,200,0,lay
3536,200,192,8,lay
3537,208,200,8,lay
3538,208,200,8,lay
3539,208,208,0,lay
3540,200,200,0,lay
3541,200,200,0,lay
3542,200,200,0,lay
3543,208,208,0,lay
3544,208,208,0,lay
3545,208,208,0,lay
3546,208,208,0,lay
3547,208,208,0,lay
3548,208,208,0,lay
3549,208,208,0,lay
3550,208,208,0,lay
3551,208,208,0,lay
3552,208,208,0,lay
3553,208,208,0,lay
3554,208,208,0,lay
3555,208,208,0,lay
3556,208,208,0,lay
3557,208,208,0,lay
3558,208,208,0,lay
3559,216,208,8,lay
3560,216,208,8,lay
3561,208,200,8,lay
3562,200,200,0,lay
3563,200,200,0,lay
3564,208,208,0,lay
3565,208,208,0,lay
3566,208,216,-8,lay
3567,208,216,-8,lay
3568,208,216,-8,lay
3569,208,208,0,lay
3570,208,208,0,lay
3571,208,208,0,lay
3572,208,208,0,lay
3573,208,208,0,lay
3574,208,208,0,lay
3575,208,208,0,lay
3576,200,200,0,lay
3577,200,200,0,lay
3578,200,200,0,lay
3579,200,200,0,lay
3580,200,200,0,lay
3581,200,192,8,lay
3582,200,192,8,lay
3583,200,192,8,lay
3584,200,200,0,lay
3585,200,200,0,lay
3586,192,200,-8,lay
3587,192,200,-8,lay
3588,200,208,-8,lay
3589,208,208,0,lay
3590,208,208,0,lay
3591,208,208,0,lay
3592,208,208,0,lay
3593,208,208,0,lay
3594,208,208,0,lay
3595,208,208,0,lay
3596,208,200,8,lay
3597,208,200,8,lay
3598,208,200,8,lay
3599,208,208,0,lay
3600,200,200,0,lay
3601,200,200,0,lay
3602,200,192,8,lay
3603,217,209,8,lay
3604,217,209,8,lay
3605,217,217,0,lay
3606,200,200,0,lay
3607,200,200,0,lay
3608,200,200,0,lay
3609,208,208,0,lay
3610,208,208,0,lay
3611,208,208,0,lay
3612,208,208,0,lay
3613,208,208,0,lay
3614,208,208,0,lay
3615,200,200,0,lay
3616,200,200,0,lay
3617,200,192,8,lay
3618,208,200,8,lay
3619,208,200,8,lay
3620,208,208,0,lay
3621,208,208,0,lay
3622,208,208,0,lay
3623,208,208,0,lay
3624,200,200,0,lay
3625,200,200,0,lay
3626,200,200,0,lay
3627,192,192,0,lay
3628,192,192,0,lay
3629,192,192,0,lay
3630,208,208,0,lay
3631,216,208,8,lay
3632,216,208,8,lay
3633,216,208,8,lay
3634,208,208,0,lay
3635,208,208,0,lay
3636,208,208,0,lay
3637,208,208,0,lay
3638,208,208,0,lay
3639,208,208,0,lay
3640,200,208,-8,lay
3641,200,208,-8,lay
3642,192,200,-8,lay
3643,200,200,0,lay
3644,200,200,0,lay
3645,208,208,0,lay
3646,208,208,0,lay
3647,208,208,0,lay
3648,200,200,0,lay
3649,200,200,0,lay
3650,200,200,0,lay
3651,200,200,0,lay
3652,200,200,0,lay
3653,200,200,0,lay
3654,208,208,0,lay
3655,208,208,0,lay
3656,208,208,0,lay
3657,208,208,0,lay
3658,208,208,0,lay
3659,208,208,0,lay
3660,208,208,0,lay
3661,208,208,0,lay
3662,208,200,8,lay
3663,208,200,8,lay
3664,208,200,8,lay
3665,208,208,0,lay
3666,200,200,0,lay
3667,200,200,0,lay
3668,200,208,-8,lay
3669,208,216,-8,lay
3670,208,216,-8,lay
3671,208,208,0,lay
3672,200,200,0,lay
3673,200,200,0,lay
3674,200,200,0,lay
3675,200,200,0,lay
3676,200,200,0,lay
3677,200,192,8,lay
3678,208,200,8,lay
3679,208,200,8,lay
3680,208,208,0,lay
3681,208,208,0,lay
3682,208,208,0,lay
3683,208,208,0,lay
3684,208,208,0,lay
3685,216,208,8,lay
3686,216,208,8,lay
3687,216,208,8,lay
3688,200,208,-8,lay
3689,200,208,-8,lay
3690,200,208,-8,lay
3691,208,208,0,lay
3692,208,200,8,lay
3693,208,200,8,lay
3694,216,200,16,lay
3695,216,208,8,lay
3696,216,208,8,lay
3697,208,208,0,lay
3698,208,208,0,lay
3699,208,208,0,lay
3700,200,208,-8,lay
3701,200,208,-8,lay
3702,200,208,-8,lay
3703,216,208,8,lay
3704,216,208,8,lay
3705,208,200,8,lay
3706,200,200,0,lay
3707,200,200,0,lay
3708,200,200,0,lay
3709,200,200,0,lay
3710,200,200,0,lay
3711,208,208,0,lay
3712,200,208,-8,lay
3713,200,208,-8,lay
3714,200,208,-8,lay
3715,208,208,0,lay
3716,208,208,0,lay
3717,208,208,0,lay
3718,208,208,0,lay
3719,208,208,0,lay
3720,208,208,0,lay
3721,208,208,0,lay
3722,208,208,0,lay
3723,200,200,0,lay
3724,200,200,0,lay
3725,200,200,0,lay
3726,208,208,0,lay
3727,208,208,0,lay
3728,208,208,0,lay
3729,208,208,0,lay
3730,216,208,8,lay
3731,216,208,8,lay
3732,208,200,8,lay
3733,200,200,0,lay
3734,200,200,0,lay
3735,200,200,0,lay
3736,200,200,0,lay
3737,200,200,0,lay
3738,208,208,0,lay
3739,208,208,0,lay
3740,208,208,0,lay
3741,200,200,0,lay
3742,200,200,0,lay
3743,200,200,0,lay
3744,208,208,0,lay
3745,208,208,0,lay
3746,208,200,8,lay
3747,208,200,8,lay
3748,208,200,8,lay
3749,208,208,0,lay
3750,208,208,0,lay
3751,208,208,0,lay
3752,208,200,8,lay
3753,200,192,8,lay
3754,200,192,8,lay
3755,200,200,0,lay
3756,208,208,0,lay
3757,208,208,0,lay
3758,208,200,8,lay
3759,200,192,8,lay
3760,200,192,8,lay
3761,200,200,0,lay
3762,200,200,0,lay
3763,200,200,0,lay
3764,200,200,0,lay
3765,200,200,0,lay
3766,200,200,0,lay
3767,200,192,8,lay
3768,208,200,8,lay
3769,208,200,8,lay
3770,208,208,0,lay
3771,200,200,0,lay
3772,200,200,0,lay
3773,200,192,8,lay
3774,200,192,8,lay
3775,208,192,16,lay
3776,208,200,8,lay
3777,216,208,8,lay
3778,208,208,0,lay_sit
3779,208,216,-8,lay_sit
3780,208,216,-8,lay_sit
3781,208,216,-8,lay_sit
3782,208,208,0,lay_sit
3783,208,208,0,lay_sit
3784,208,208,0,lay_sit
3785,208,208,0,lay_sit
3786,208,208,0,lay_sit
3787,200,208,-8,lay_sit
3788,200,208,-8,lay_sit
3789,200,208,-8,lay_sit
3790,208,208,0,lay_sit
3791,208,200,8,lay_sit
3792,217,209,8,lay_sit
3793,225,209,16,lay_sit
3794,225,217,8,lay_sit
3795,225,217,8,lay_sit
3796,225,217,8,lay_sit
3797,225,217,8,lay_sit
3798,233,225,8,lay_sit
3799,217,225,-8,lay_sit
3800,217,217,0,lay_sit
3801,225,225,0,lay_sit
3802,233,225,8,lay_sit
3803,233,233,0,lay_sit
3804,242,242,0,lay_sit
3805,242,242,0,lay_sit
3806,242,242,0,lay_sit
3807,233,233,0,lay_sit
3808,233,233,0,lay_sit
3809,233,233,0,lay_sit
3810,233,233,0,lay_sit
3811,225,233,-8,lay_sit
3812,225,233,-8,lay_sit
3813,234,242,-8,lay_sit
3814,242,242,0,lay_sit
3815,242,242,0,lay_sit
3816,242,242,0,lay_sit
3817,242,242,0,lay_sit
3818,242,242,0,lay_sit
3819,250,250,0,lay_sit
3820,242,250,-8,lay_sit
3821,242,250,-8,lay_sit
3822,242,250,-8,lay_sit
3823,242,250,-8,lay_sit
3824,242,242,0,lay_sit
3825,242,242,0,lay_sit
3826,250,242,8,lay_sit
3827,250,242,8,lay_sit
3828,258,250,8,lay_sit
3829,266,250,16,lay_sit
3830,266,250,16,lay_sit
3831,266,250,16,lay_sit
3832,266,250,16,lay_sit
3833,266,258,8,lay_sit
3834,266,258,8,lay_sit
3835,266,258,8,lay_sit
3836,266,250,16,lay_sit
3837,266,250,16,lay_sit
3838,266,250,16,lay_sit
3839,266,258,8,lay_sit
3840,266,258,8,lay_sit
3841,266,258,8,lay_sit
3842,266,258,8,lay_sit
3843,266,258,8,lay_sit
3844,266,258,8,lay_sit
3845,266,241,25,lay_sit
3846,266,241,25,lay_sit
3847,266,241,25,lay_sit
3848,266,250,16,lay_sit
3849,275,259,16,lay_sit
3850,284,259,25,lay_sit
3851,284,259,25,lay_sit
3852,284,259,25,lay_sit
3853,284,259,25,lay_sit
3854,284,259,25,lay_sit
3855,275,250,25,lay_sit
3856,275,250,25,lay_sit
3857,275,250,25,lay_sit
3858,284,259,25,lay_sit
3859,284,259,25,lay_sit
3860,284,259,25,lay_sit
3861,284,259,25,lay_sit
3862,284,259,25,lay_sit
3863,284,250,34,lay_sit
3864,284,250,34,lay_sit
3865,284,250,34,lay_sit
3866,284,259,25,lay_sit
3867,292,267,25,lay_sit
3868,292,267,25,lay_sit
3869,292,258,34,lay_sit
3870,292,258,34,lay_sit
3871,300,258,42,lay_sit
3872,300,258,42,lay_sit
3873,292,250,42,lay_sit
3874,284,250,34,lay_sit
3875,284,259,25,lay_sit
3876,292,267,25,lay_sit
3877,283,267,16,lay_sit
3878,283,258,25,lay_sit
3879,283,258,25,lay_sit
3880,292,258,34,lay_sit
3881,292,258,34,lay_sit
3882,292,258,34,lay_sit
3883,292,258,34,lay_sit
3884,292,258,34,lay_sit
3885,292,258,34,lay_sit
3886,292,258,34,lay_sit
3887,292,258,34,lay_sit
3888,292,258,34,lay_sit
3889,292,258,34,lay_sit
3890,292,250,42,lay_sit
3891,292,250,42,lay_sit
3892,292,250,42,lay_sit
3893,292,258,34,lay_sit
3894,300,266,34,lay_sit
3895,300,266,34,lay_sit
3896,300,266,34,lay_sit
3897,292,258,34,lay_sit
3898,292,258,34,lay_sit
3899,292,258,34,lay_sit
3900,300,266,34,lay_sit
3901,300,266,34,lay_sit
3902,300,258,42,lay_sit
3903,284,242,42,lay_sit
3904,284,242,42,lay_sit
3905,284,234,50,lay_sit
3906,292,242,50,lay_sit
3907,292,242,50,lay_sit
3908,292,233,59,lay_sit
3909,292,233,59,lay_sit
3910,292,233,59,lay_sit
3911,292,233,59,lay_sit
3912,292,233,59,lay_sit
3913,292,233,59,lay_sit
3914,292,250,42,lay_sit
3915,292,250,42,lay_sit
3916,292,250,42,lay_sit
3917,292,250,42,lay_sit
3918,292,250,42,lay_sit
3919,292,250,42,lay_sit
3920,292,250,42,lay_sit
3921,284,242,42,lay_sit
3922,284,242,42,lay_sit
3923,284,242,42,lay_sit
3924,275,233,42,lay_sit
3925,275,233,42,lay_sit
3926,275,233,42,lay_sit
3927,284,242,42,lay_sit
3928,275,242,33,lay_sit
3929,275,234,41,lay_sit
3930,283,242,41,lay_sit
3931,283,242,41,lay_sit
3932,283,242,41,lay_sit
3933,275,234,41,lay_sit
3934,284,234,50,lay_sit
3935,284,234,50,lay_sit
3936,292,242,50,lay_sit
3937,292,242,50,lay_sit
3938,292,233,59,lay_sit
3939,292,233,59,lay_sit
3940,292,233,59,lay_sit
3941,292,225,67,lay_sit
3942,300,233,67,lay_sit
3943,300,233,67,lay_sit
3944,300,233,67,lay_sit
3945,309,242,67,lay_sit
3946,309,242,67,lay_sit
3947,309,225,84,lay_sit
3948,309,225,84,lay_sit
3949,309,225,84,lay_sit
3950,309,225,84,lay_sit
3951,317,233,84,lay_sit
3952,317,233,84,lay_sit
3953,317,233,84,lay_sit
3954,325,241,84,lay_sit
3955,325,241,84,lay_sit
3956,325,241,84,lay_sit
3957,325,241,84,lay_sit
3958,325,241,84,lay_sit
3959,325,233,92,lay_sit
3960,342,250,92,lay_sit
3961,342,250,92,lay_sit
3962,342,250,92,lay_sit
3963,342,250,92,lay_sit
3964,342,250,92,lay_sit
3965,342,242,100,lay_sit
3966,350,250,100,lay_sit
3967,341,250,91,lay_sit
3968,341,250,91,lay_sit
3969,350,259,91,lay_sit
3970,359,259,100,lay_sit
3971,359,250,109,lay_sit
3972,359,250,109,lay_sit
3973,367,250,117,lay_sit
3974,367,242,125,lay_sit
3975,375,250,125,lay_sit
3976,367,250,117,lay_sit
3977,367,250,117,lay_sit
3978,367,250,117,lay_sit
3979,375,250,125,lay_sit
3980,375,250,125,lay_sit
3981,375,250,125,lay_sit
3982,375,250,125,lay_sit
3983,375,250,125,lay_sit
3984,375,250,125,lay_sit
3985,383,250,133,lay_sit
3986,383,250,133,lay_sit
3987,383,250,133,lay_sit
3988,367,250,117,lay_sit
3989,367,250,117,lay_sit
3990,367,250,117,lay_sit
3991,367,250,117,lay_sit
3992,367,250,117,lay_sit
3993,375,258,117,lay_sit
3994,366,258,108,lay_sit
3995,366,258,108,lay_sit
3996,366,258,108,lay_sit
3997,366,258,108,lay_sit
3998,366,258,108,lay_sit
3999,366,258,108,lay_sit
4000,358,258,100,lay_sit
4001,358,250,108,lay_sit
4002,350,242,108,lay_sit
4003,358,242,116,lay_sit
4004,358,242,116,lay_sit
4005,358,242,116,lay_sit
4006,350,242,108,lay_sit
4007,350,250,100,lay_sit
4008,342,242,100,lay_sit
4009,342,242,100,lay_sit
4010,342,242,100,lay_sit
4011,342,242,100,lay_sit
4012,350,242,108,lay_sit
4013,350,250,100,lay_sit
4014,366,266,100,lay_sit
4015,358,266,92,lay_sit
4016,358,266,92,lay_sit
4017,342,250,92,lay_sit
4018,359,250,109,lay_sit
4019,359,250,109,lay_sit
4020,359,250,109,lay_sit
4021,359,250,109,lay_sit
4022,359,259,100,lay_sit
4023,350,250,100,lay_sit
4024,350,250,100,lay_sit
4025,350,233,117,lay_sit
4026,359,242,117,lay_sit
4027,359,242,117,lay_sit
4028,359,250,109,lay_sit
4029,359,250,109,lay_sit
4030,359,250,109,lay_sit
4031,359,250,109,lay_sit
4032,359,250,109,lay_sit
4033,367,250,117,lay_sit
4034,367,250,117,lay_sit
4035,367,250,117,lay_sit
4036,367,250,117,lay_sit
4037,367,250,117,lay_sit
4038,358,241,117,lay_sit
4039,350,241,109,lay_sit
4040,350,241,109,lay_sit
4041,350,241,109,lay_sit
4042,350,241,109,lay_sit
4043,350,241,109,lay_sit
4044,350,241,109,lay_sit
4045,350,241,109,lay_sit
4046,350,241,109,lay_sit
4047,342,233,109,lay_sit
4048,342,233,109,lay_sit
4049,342,233,109,lay_sit
4050,342,233,109,lay_sit
4051,333,233,100,lay_sit
4052,333,242,91,lay_sit
4053,341,250,91,lay_sit
4054,350,250,100,lay_sit
4055,350,241,109,lay_sit
4056,350,241,109,lay_sit
4057,350,241,109,lay_sit
4058,350,250,100,lay_sit
4059,342,242,100,lay_sit
4060,342,242,100,lay_sit
4061,342,242,100,lay_sit
4062,334,234,100,lay_sit
4063,334,234,100,lay_sit
4064,334,234,100,lay_sit
4065,342,242,100,lay_sit
4066,342,242,100,lay_sit
4067,342,242,100,lay_sit
4068,342,242,100,lay_sit
4069,342,242,100,lay_sit
4070,342,242,100,lay_sit
4071,334,234,100,lay_sit
4072,325,234,91,lay_sit
4073,325,234,91,lay_sit
4074,325,234,91,lay_sit
4075,334,234,100,lay_sit
4076,334,242,92,lay_sit
4077,334,242,92,lay_sit
4078,334,242,92,lay_sit
4079,334,250,84,lay_sit
4080,325,241,84,lay_sit
4081,325,241,84,lay_sit
4082,325,233,92,lay_sit
4083,334,242,92,lay_sit
4084,334,242,92,lay_sit
4085,334,250,84,lay_sit
4086,334,250,84,lay_sit
4087,334,250,84,lay_sit
4088,334,250,84,lay_sit
4089,325,241,84,lay_sit
4090,333,241,92,lay_sit
4091,333,241,92,lay_sit
4092,333,241,92,lay_sit
4093,325,241,84,lay_sit
4094,325,241,84,lay_sit
4095,334,250,84,lay_sit
4096,334,250,84,lay_sit
4097,334,259,75,lay_sit
4098,325,250,75,lay_sit
4099,325,250,75,lay_sit
4100,325,250,75,lay_sit
4101,325,250,75,lay_sit
4102,325,250,75,lay_sit
4103,325,258,67,lay_sit
4104,325,258,67,lay_sit
4105,325,258,67,lay_sit
4106,325,250,75,lay_sit
4107,325,250,75,lay_sit
4108,325,250,75,lay_sit
4109,325,250,75,lay_sit
4110,334,259,75,lay_sit
4111,334,259,75,lay_sit
4112,334,259,75,lay_sit
4113,334,259,75,lay_sit
4114,334,259,75,lay_sit
4115,334,259,75,lay_sit
4116,334,259,75,lay_sit
4117,334,259,75,lay_sit
4118,334,259,75,lay_sit
4119,325,250,75,lay_sit
4120,316,250,66,lay_sit
4121,316,258,58,lay_sit
4122,316,258,58,lay_sit
4123,325,258,67,lay_sit
4124,325,258,67,lay_sit
4125,334,267,67,lay_sit
4126,342,267,75,sit
4127,342,259,83,sit
4128,342,259,83,sit
4129,325,259,66,sit
4130,325,267,58,sit
4131,316,258,58,sit
4132,325,258,67,sit
4133,325,258,67,sit
4134,334,267,67,sit
4135,334,267,67,sit
4136,334,267,67,sit
4137,325,258,67,sit
4138,325,258,67,sit
4139,325,250,75,sit
4140,334,259,75,sit
4141,334,259,75,sit
4142,334,267,67,sit
4143,325,258,67,sit
4144,325,258,67,sit
4145,325,250,75,sit
4146,325,250,75,sit
4147,316,250,66,sit
4148,316,250,66,sit
4149,316,250,66,sit
4150,325,250,75,sit
4151,325,250,75,sit
4152,334,259,75,sit
4153,334,259,75,sit
4154,334,267,67,sit
4155,334,267,67,sit
4156,342,267,75,sit
4157,342,259,83,sit
4158,342,259,83,sit
4159,334,259,75,sit
4160,334,267,67,sit
4161,334,267,67,sit
4162,342,267,75,sit
4163,342,267,75,sit
4164,342,267,75,sit
4165,334,267,67,sit
4166,334,267,67,sit
4167,334,267,67,sit
4168,325,267,58,sit
4169,325,259,66,sit
4170,325,259,66,sit
4171,334,259,75,sit
4172,334,267,67,sit
4173,334,267,67,sit
4174,334,267,67,sit
4175,334,267,67,sit
4176,334,267,67,sit
4177,325,267,58,sit
4178,325,267,58,sit
4179,325,267,58,sit
4180,334,267,67,sit
4181,334,267,67,sit
4182,334,267,67,sit
4183,334,267,67,sit
4184,334,259,75,sit
4185,334,259,75,sit
4186,334,259,75,sit
4187,334,259,75,sit
4188,325,250,75,sit
4189,325,250,75,sit
4190,325,250,75,sit
4191,334,259,75,sit
4192,334,259,75,sit
4193,334,267,67,sit
4194,334,267,67,sit
4195,334,267,67,sit
4196,334,267,67,sit
4197,334,267,67,sit
4198,334,267,67,sit
4199,334,267,67,sit
4200,334,267,67,sit
4201,334,267,67,sit
4202,334,267,67,sit
4203,334,267,67,sit
4204,334,267,67,sit
4205,334,267,67,sit
4206,334,267,67,sit
4207,334,267,67,sit
4208,334,259,75,sit
4209,334,259,75,sit
4210,325,259,66,sit
4211,325,267,58,sit
4212,325,267,58,sit
4213,325,267,58,sit
4214,325,267,58,sit
4215,325,267,58,sit
4216,325,267,58,sit
4217,325,259,66,sit
4218,325,259,66,sit
4219,325,259,66,sit
4220,325,267,58,sit
4221,325,267,58,sit
4222,334,267,67,sit
4223,334,259,75,sit
4224,325,250,75,sit
4225,325,250,75,sit
4226,325,250,75,sit
4227,334,259,75,sit
4228,334,259,75,sit
4229,334,267,67,sit
4230,334,267,67,sit
4231,334,267,67,sit
4232,334,267,67,sit
4233,325,258,67,sit
4234,325,258,67,sit
4235,325,258,67,sit
4236,334,267,67,sit
4237,334,267,67,sit
4238,334,267,67,sit
4239,334,267,67,sit
4240,334,267,67,sit
4241,334,259,75,sit
4242,325,250,75,sit
4243,325,250,75,sit
4244,325,250,75,sit
4245,334,259,75,sit
4246,325,259,66,sit
4247,325,267,58,sit
4248,325,267,58,sit
4249,334,267,67,sit
4250,334,259,75,sit
4251,325,250,75,sit
4252,325,250,75,sit
4253,325,258,67,sit
4254,334,267,67,sit
4255,334,267,67,sit
4256,334,259,75,sit
4257,334,259,75,sit
4258,334,259,75,sit
4259,334,259,75,sit
4260,334,259,75,sit
4261,334,259,75,sit
4262,334,259,75,sit
4263,334,259,75,sit
4264,334,259,75,sit
4265,334,259,75,sit
4266,334,259,75,sit
4267,334,259,75,sit
4268,334,259,75,sit
4269,325,250,75,sit
4270,325,250,75,sit
4271,325,250,75,sit
4272,334,259,75,sit
4273,342,259,83,sit
4274,342,267,75,sit
4275,342,267,75,sit
4276,334,267,67,sit
4277,334,259,75,sit
4278,334,259,75,sit
4279,334,259,75,sit
4280,334,259,75,sit
4281,334,259,75,sit
4282,334,259,75,sit
4283,334,267,67,sit
4284,334,267,67,sit
4285,334,267,67,sit
4286,334,267,67,sit
4287,334,267,67,sit
4288,334,267,67,sit
4289,334,259,75,sit
4290,342,267,75,sit
4291,342,267,75,sit
4292,342,267,75,sit
4293,334,259,75,sit
4294,334,259,75,sit
4295,334,267,67,sit
4296,334,267,67,sit
4297,325,267,58,sit
4298,325,267,58,sit
4299,316,258,58,sit
4300,325,258,67,sit
4301,325,258,67,sit
4302,334,267,67,sit
4303,334,267,67,sit
4304,334,259,75,sit
4305,325,250,75,sit
4306,325,250,75,sit
4307,325,258,67,sit
4308,342,275,67,sit
4309,342,275,67,sit
4310,342,275,67,sit
4311,334,267,67,sit
4312,342,267,75,sit
4313,342,259,83,sit
4314,350,267,83,sit
4315,342,267,75,sit
4316,342,267,75,sit
4317,334,259,75,sit
4318,334,259,75,sit
4319,334,259,75,sit
4320,334,259,75,sit
4321,325,259,66,sit
4322,325,267,58,sit
4323,325,267,58,sit
4324,334,267,67,sit
4325,334,259,75,sit
4326,325,250,75,sit
4327,325,250,75,sit
4328,325,250,75,sit
4329,334,259,75,sit
4330,325,259,66,sit
4331,325,259,66,sit
4332,325,259,66,sit
4333,325,259,66,sit
4334,325,267,58,sit
4335,325,267,58,sit
4336,334,267,67,sit
4337,334,259,75,sit
4338,334,259,75,sit
4339,325,259,66,sit
4340,325,267,58,sit
4341,316,258,58,sit
4342,325,258,67,sit
4343,325,250,75,sit
4344,334,259,75,sit
4345,342,259,83,sit
4346,342,259,83,sit
4347,342,259,83,sit
4348,334,259,75,sit
4349,334,267,67,sit
4350,334,267,67,sit
4351,334,267,67,sit
4352,334,267,67,sit
4353,342,275,67,sit
4354,333,275,58,sit
4355,333,275,58,sit
4356,325,267,58,sit
4357,334,267,67,sit
4358,334,267,67,sit
4359,334,267,67,sit
4360,334,267,67,sit
4361,334,259,75,sit
4362,325,250,75,sit
4363,316,250,66,sit
4364,316,250,66,sit
4365,325,259,66,sit
4366,334,259,75,sit
4367,334,267,67,sit
4368,334,267,67,sit
4369,334,267,67,sit
4370,334,267,67,sit
4371,342,275,67,sit
4372,333,275,58,sit
4373,333,267,66,sit
4374,325,259,66,sit
4375,334,259,75,sit
4376,334,259,75,sit
4377,334,259,75,sit
4378,334,259,75,sit
4379,334,259,75,sit
4380,334,259,75,sit
4381,334,259,75,sit
4382,334,259,75,sit
4383,334,259,75,sit
4384,334,259,75,sit
4385,334,267,67,sit
4386,334,267,67,sit
4387,334,267,67,sit
4388,334,259,75,sit
4389,334,259,75,sit
4390,334,259,75,sit
4391,334,259,75,sit
4392,334,259,75,sit
4393,334,259,75,sit
4394,334,259,75,sit
4395,334,259,75,sit
4396,325,259,66,sit
4397,325,267,58,sit
4398,325,267,58,sit
4399,334,267,67,sit
4400,334,259,75,sit
4401,334,259,75,sit
4402,334,259,75,sit
4403,334,267,67,sit
4404,334,267,67,sit
4405,334,267,67,sit
4406,334,259,75,sit
4407,334,259,75,sit
4408,325,259,66,sit
4409,325,267,58,sit
4410,316,258,58,sit
4411,325,258,67,sit
4412,325,250,75,sit
4413,325,250,75,sit
4414,325,250,75,sit
4415,325,258,67,sit
4416,334,267,67,sit
4417,334,267,67,sit
4418,334,259,75,sit
4419,334,259,75,sit
4420,334,259,75,sit
4421,334,267,67,sit
4422,334,267,67,sit
4423,334,267,67,sit
4424,334,259,75,sit
4425,325,250,75,sit
4426,316,250,66,sit
4427,316,258,58,sit
4428,316,258,58,sit
4429,325,258,67,sit
4430,325,258,67,sit
4431,325,258,67,sit
4432,325,258,67,sit
4433,325,258,67,sit
4434,334,267,67,sit
4435,334,267,67,sit
4436,334,267,67,sit
4437,334,267,67,sit
4438,334,267,67,sit
4439,334,267,67,sit
4440,325,258,67,sit
4441,325,258,67,sit
4442,325,250,75,sit
4443,325,250,75,sit
4444,325,250,75,sit
4445,325,258,67,sit
4446,325,258,67,sit
4447,316,258,58,sit
4448,316,258,58,sit
4449,325,267,58,sit
4450,334,267,67,sit
4451,334,267,67,sit
4452,334,267,67,sit
4453,334,267,67,sit
4454,334,267,67,sit
4455,334,267,67,sit
4456,342,267,75,sit
4457,342,259,83,sit
4458,333,250,83,sit
4459,325,250,75,sit
4460,325,258,67,sit
4461,334,267,67,sit
4462,334,267,67,sit
4463,334,259,75,sit
4464,334,259,75,sit
4465,325,259,66,sit
4466,325,259,66,sit
4467,325,259,66,sit
4468,334,259,75,sit
4469,334,259,75,sit
4470,325,250,75,sit
4471,333,250,83,sit
4472,333,258,75,sit
4473,342,267,75,sit
4474,334,267,67,sit
4475,334,267,67,sit
4476,334,267,67,sit
4477,334,267,67,sit
4478,334,267,67,sit
4479,342,275,67,sit
4480,333,275,58,sit
4481,333,275,58,sit
4482,325,267,58,sit
4483,334,267,67,sit
4484,334,259,75,sit
4485,334,259,75,sit
4486,342,259,83,sit
4487,342,259,83,sit
4488,342,259,83,sit
4489,334,259,75,sit
4490,334,267,67,sit
4491,334,267,67,sit
4492,334,267,67,sit
4493,334,267,67,sit
4494,334,267,67,sit
4495,334,267,67,sit
4496,334,267,67,sit
4497,334,267,67,sit
4498,334,267,67,sit
4499,334,275,59,sit
4500,334,275,59,sit
4501,342,275,67,sit
4502,342,267,75,sit
4503,342,267,75,sit
4504,334,267,67,sit
4505,334,267,67,sit
4506,334,267,67,sit
4507,334,267,67,sit
4508,334,267,67,sit
4509,334,267,67,sit
4510,342,267,75,sit
4511,342,259,83,sit
4512,342,259,83,sit
4513,334,259,75,sit
4514,334,267,67,sit
4515,334,267,67,sit
4516,334,267,67,sit
4517,334,259,75,sit
4518,325,250,75,sit
4519,333,250,83,sit
4520,333,250,83,sit
4521,342,259,83,sit
4522,334,259,75,sit
4523,334,267,67,sit
4524,334,267,67,sit
4525,334,267,67,sit
4526,334,267,67,sit
4527,334,267,67,sit
4528,334,267,67,sit
4529,334,267,67,sit
4530,325,258,67,sit
4531,316,258,58,sit
4532,316,250,66,sit
4533,325,259,66,sit
4534,334,259,75,sit
4535,334,259,75,sit
4536,334,259,75,sit
4537,325,259,66,sit
4538,325,267,58,sit
4539,325,267,58,sit
4540,325,267,58,sit
4541,325,259,66,sit
4542,325,259,66,sit
4543,334,259,75,sit
4544,334,259,75,sit
4545,334,259,75,sit
4546,325,259,66,sit
4547,325,267,58,sit
4548,325,267,58,sit
4549,334,267,67,sit
4550,334,259,75,sit
4551,334,259,75,sit
4552,334,259,75,sit
4553,334,267,67,sit
4554,334,267,67,sit
4555,334,267,67,sit
4556,334,267,67,sit
4557,325,258,67,sit
4558,316,258,58,sit
4559,316,250,66,sit
4560,325,259,66,sit
4561,334,259,75,sit
4562,334,259,75,sit
4563,334,259,75,sit
4564,334,259,75,sit
4565,334,259,75,sit
4566,325,250,75,sit
4567,325,250,75,sit
4568,325,241,84,sit
4569,325,241,84,sit
